buffer_size,episode,episode_length,episode_reward,fps,frame,step,total_time
4233.0,17.0,249.0,6.6323384003898885e-15,3.7755357106938625,4233,4233.0,65.95090937614441
4482.0,18.0,249.0,32.21360435381352,25.52138111701888,4482,4482.0,75.70743560791016
4731.0,19.0,249.0,0.11679410536390872,22.516124805246875,4731,4731.0,86.76617908477783
4980.0,20.0,249.0,7.916486064343991e-15,26.62428161743663,4980,4980.0,96.11854529380798
5229.0,21.0,249.0,1.2417916555405333e-60,21.73930149092924,5229,5229.0,107.57245588302612
5478.0,22.0,249.0,0.14605815301911027,25.417364033945578,5478,5478.0,117.36891102790833
5727.0,23.0,249.0,4.974649944728943e-39,21.16425668081006,5727,5727.0,129.1340310573578
5976.0,24.0,249.0,3.7973242001521093e-07,27.413948080106724,5976,5976.0,138.2170000076294
6225.0,25.0,249.0,5.975900990207026e-35,20.53859649271163,6225,6225.0,150.34051704406738
6474.0,26.0,249.0,2.356662777373742e-12,28.973999651939707,6474,6474.0,158.93442964553833
6723.0,27.0,249.0,3.474295291141177e-63,20.161493147279103,6723,6723.0,171.28470730781555
6972.0,28.0,249.0,3.301488559671763e-11,28.794463425731067,6972,6972.0,179.932204246521
7221.0,29.0,249.0,8.331102715204435e-18,21.079311046448908,7221,7221.0,191.74473571777344
7470.0,30.0,249.0,4.405052937119746e-22,28.91708481437697,7470,7470.0,200.3555634021759
7719.0,31.0,249.0,5.325672145926242e-18,20.7310333525376,7719,7719.0,212.36654353141785
7968.0,32.0,249.0,6.311762040714032e-19,29.42392213556732,7968,7968.0,220.8290467262268
8217.0,33.0,249.0,5.876465950054613e-05,20.171941114591903,8217,8217.0,233.17292737960815
8466.0,34.0,249.0,0.10934596749209399,26.642459528848775,8466,8466.0,242.51891231536865
8715.0,35.0,249.0,1.0095829749831558e-16,22.258892075985397,8715,8715.0,253.70545506477356
8964.0,36.0,249.0,2.4198867860494567e-05,26.50945946635401,8964,8964.0,263.0983295440674
9213.0,37.0,249.0,2.6305489371287086e-46,21.93592501462018,9213,9213.0,274.4495732784271
9462.0,38.0,249.0,1.278597425467402e-31,26.863413737646283,9462,9462.0,283.7186863422394
9711.0,39.0,249.0,4.235186591321015e-14,22.06497323127886,9711,9711.0,295.00354194641113
9960.0,40.0,249.0,6.339466458035983e-41,24.388990004192017,9960,9960.0,305.21307730674744
10209.0,41.0,249.0,0.00020312289792085944,4.764735514198542,10209,10209.0,357.472012758255
10458.0,42.0,249.0,17.85291440735396,23.24238657737998,10458,10458.0,368.1851999759674
10707.0,43.0,249.0,5.726672405037484e-48,24.924713135842808,10707,10707.0,378.1752862930298
10956.0,44.0,249.0,0.008109717432567564,24.06900523136691,10956,10956.0,388.52054238319397
11205.0,45.0,249.0,8.93756562024337e-16,23.643795406408174,11205,11205.0,399.0518476963043
11454.0,46.0,249.0,0.155800245542036,24.31028078237925,11454,11454.0,409.294429063797
11703.0,47.0,249.0,1.4705792376005358e-18,24.00869624747432,11703,11703.0,419.6656732559204
11952.0,48.0,249.0,0.0007361191685281982,23.71935433078055,11952,11952.0,430.1634316444397
12201.0,49.0,249.0,4.166405685264304e-25,22.56724734050139,12201,12201.0,441.19712257385254
12450.0,50.0,249.0,7.328127176580032e-49,26.421142121191938,12450,12450.0,450.6213946342468
12699.0,51.0,249.0,5.152909875769845e-11,21.938741858743956,12699,12699.0,461.9711813926697
12948.0,52.0,249.0,7.041494380656312e-18,26.177770176856196,12948,12948.0,471.483069896698
13197.0,53.0,249.0,1.4696886139663654,21.59317314614842,13197,13197.0,483.0144934654236
13446.0,54.0,249.0,0.0005229622078849397,28.14426890827319,13446,13446.0,491.8617663383484
13695.0,55.0,249.0,2.0651262405588438,21.305145313368296,13695,13695.0,503.5490849018097
13944.0,56.0,249.0,30.93590458571381,28.776762693023162,13944,13944.0,512.2019007205963
14193.0,57.0,249.0,0.0029081340783227677,21.004249090867514,14193,14193.0,524.0566470623016
14442.0,58.0,249.0,1.8123916455238617e-07,28.88958739502307,14442,14442.0,532.6756711006165
14691.0,59.0,249.0,0.09459894574550885,21.322099849607554,14691,14691.0,544.3536968231201
14940.0,60.0,249.0,1.7538728580901076e-07,29.73354744292135,14940,14940.0,552.7280769348145
15189.0,61.0,249.0,0.013007306830200507,21.838169967757814,15189,15189.0,564.1301326751709
15438.0,62.0,249.0,4.894100428649939e-25,29.62247042742678,15438,15438.0,572.5359153747559
15687.0,63.0,249.0,1.4244851436888448e-09,21.065256584828404,15687,15687.0,584.3563277721405
15936.0,64.0,249.0,22.121169923312138,29.35384533400309,15936,15936.0,592.8390333652496
16185.0,65.0,249.0,0.13629118078004587,20.862632975147903,16185,16185.0,604.774249792099
16434.0,66.0,249.0,51.15116239132635,29.93681444238696,16434,16434.0,613.091769695282
16683.0,67.0,249.0,9.839902756862289e-08,21.219227639085087,16683,16683.0,624.8264107704163
16932.0,68.0,249.0,3.166543029672875,25.834203397752013,16932,16932.0,634.4647967815399
17181.0,69.0,249.0,8.251070649216404,22.83739327010635,17181,17181.0,645.3679687976837
17430.0,70.0,249.0,4.8816716187636064,24.30039896025789,17430,17430.0,655.614716053009
17679.0,71.0,249.0,0.3814596234124968,24.602009376771232,17679,17679.0,665.7358417510986
17928.0,72.0,249.0,0.3543556496762179,23.103390457636987,17928,17928.0,676.513482093811
18177.0,73.0,249.0,1.615018057176357e-29,26.113499900909982,18177,18177.0,686.0487811565399
18426.0,74.0,249.0,18.76156758130673,22.153321873956973,18426,18426.0,697.2886321544647
18675.0,75.0,249.0,2.7927804599357215e-10,27.564559737385693,18675,18675.0,706.3219711780548
18924.0,76.0,249.0,2.8933473461785435,20.22620192350988,18924,18924.0,718.6327369213104
19173.0,77.0,249.0,3.598454889796555e-33,28.76256548734593,19173,19173.0,727.2898237705231
19422.0,78.0,249.0,8.107872412458718e-32,21.25063038808759,19422,19422.0,739.0071246623993
19671.0,79.0,249.0,1.5151970825277815e-10,27.495854513945915,19671,19671.0,748.0630366802216
19920.0,80.0,249.0,1.1215964002730173e-25,21.751526236624265,19920,19920.0,759.5105109214783
20169.0,81.0,249.0,1.6807310617393222e-08,4.900147543757527,20169,20169.0,810.3253090381622
20418.0,82.0,249.0,1.1333384571860147e-05,24.36203760711705,20418,20418.0,820.5461304187775
20667.0,83.0,249.0,2.4972129198662695e-08,24.42441014214512,20667,20667.0,830.740850687027
20916.0,84.0,249.0,0.2120357912256867,24.166064590839998,20916,20916.0,841.0445573329926
21165.0,85.0,249.0,4.377341287009384e-12,26.80540880209677,21165,21165.0,850.3337285518646
21414.0,86.0,249.0,1.1707398799350133e-28,23.461881928413586,21414,21414.0,860.9466896057129
21663.0,87.0,249.0,20.054165253910554,27.04504049252668,21663,21663.0,870.1535544395447
21912.0,88.0,249.0,0.9405931797992537,22.21584557002447,21912,21912.0,881.3617718219757
22161.0,89.0,249.0,1.4960707923913367e-29,27.587217934309308,22161,22161.0,890.3876919746399
22410.0,90.0,249.0,1.7578398641628356e-17,21.152221559915375,22410,22410.0,902.1595072746277
22659.0,91.0,249.0,8.078586571720061,29.6519824602781,22659,22659.0,910.5569241046906
22908.0,92.0,249.0,2.6204078162270544e-22,21.51253564878518,22908,22908.0,922.1315720081329
23157.0,93.0,249.0,30.677341573554624,29.325988192067474,23157,23157.0,930.62233543396
23406.0,94.0,249.0,2.792818107101215e-12,20.940782043642404,23406,23406.0,942.513010263443
23655.0,95.0,249.0,93.65463887847463,27.332639048405504,23655,23655.0,951.6229984760284
23904.0,96.0,249.0,1.3304459176135052e-07,22.08664919441955,23904,23904.0,962.8967790603638
24153.0,97.0,249.0,9.821597480798946e-05,24.38179819706936,24153,24153.0,973.1093168258667
24402.0,98.0,249.0,2.3492252716797443e-08,24.922608765146855,24402,24402.0,983.1002461910248
24651.0,99.0,249.0,15.021206336597945,24.61522820300311,24651,24651.0,993.215936422348
24900.0,100.0,249.0,2.390128134443799e-29,25.65647534332412,24900,24900.0,1002.9210903644562
25149.0,101.0,249.0,121.16540216563237,22.84689948642796,25149,25149.0,1013.8197252750397
25398.0,102.0,249.0,0.011742125125084385,26.833769745160023,25398,25398.0,1023.0990793704987
25647.0,103.0,249.0,0.009449250237552189,20.674244703294942,25647,25647.0,1035.143051147461
25896.0,104.0,249.0,7.176573907954894e-19,29.300288925999624,25896,25896.0,1043.641262292862
26145.0,105.0,249.0,0.0016361518906775102,21.264044074270394,26145,26145.0,1055.3511710166931
26394.0,106.0,249.0,1.5194095829799638e-26,29.820938629065964,26394,26394.0,1063.701010465622
26643.0,107.0,249.0,0.0004372245876122871,21.135651918287294,26643,26643.0,1075.4820535182953
26892.0,108.0,249.0,4.1009205621681696e-07,28.487839729034544,26892,26892.0,1084.2226264476776
27141.0,109.0,249.0,1.2493364641831266e-17,22.285409573701493,27141,27141.0,1095.3958578109741
27390.0,110.0,249.0,7.766008928988835e-09,23.787036243455518,27390,27390.0,1105.8637459278107
27639.0,111.0,249.0,7.610450679752346e-10,23.959878292513533,27639,27639.0,1116.2561206817627
27888.0,112.0,249.0,5.972574570961257e-05,22.886071799668944,27888,27888.0,1127.1361014842987
28137.0,113.0,249.0,1.07835057630978e-06,25.157177205405834,28137,28137.0,1137.033874988556
28386.0,114.0,249.0,1.4112297012979686e-15,22.18169445458964,28386,28386.0,1148.2593483924866
28635.0,115.0,249.0,5.505926127576226e-24,26.116414934590036,28635,28635.0,1157.793583393097
28884.0,116.0,249.0,3.333791122750053,21.51638308453017,28884,28884.0,1169.3661615848541
29133.0,117.0,249.0,8.776530871353358e-22,28.849642497384178,29133,29133.0,1177.997118473053
29382.0,118.0,249.0,9.814764796968872,20.943909786718717,29382,29382.0,1189.8860185146332
29631.0,119.0,249.0,1.32402593312261e-34,29.4914859208443,29631,29631.0,1198.3291351795197
29880.0,120.0,249.0,1.4522728390085945e-26,21.523970299862768,29880,29880.0,1209.8976337909698
30129.0,121.0,249.0,2.2689958815390487e-46,5.026028300028599,30129,30129.0,1259.4397358894348
30378.0,122.0,249.0,1.2650741728869355e-17,29.62067502628725,30378,30378.0,1267.8460280895233
30627.0,123.0,249.0,2.1774600405238143e-11,21.498494729050613,30627,30627.0,1279.4282357692719
30876.0,124.0,249.0,1.6115728142053182e-21,26.678748846929835,30876,30876.0,1288.761507987976
31125.0,125.0,249.0,0.004783235287962394,22.278355351584484,31125,31125.0,1299.938277721405
31374.0,126.0,249.0,1.0290244416414605e-47,25.197613673713604,31374,31374.0,1309.8201670646667
31623.0,127.0,249.0,1.5778838613846117e-08,23.140255404299296,31623,31623.0,1320.5806386470795
31872.0,128.0,249.0,1.427276375578436e-11,24.195424241673063,31872,31872.0,1330.8718416690826
32121.0,129.0,249.0,4.9043905491831463e-17,24.7613576640934,32121,32121.0,1340.9278342723846
32370.0,130.0,249.0,0.0003500237063145701,23.62970579392033,32370,32370.0,1351.46541929245
32619.0,131.0,249.0,2.6678309497745727,25.5043528004424,32619,32619.0,1361.2284598350525
32868.0,132.0,249.0,5.264879405805318e-06,21.96560799372013,32868,32868.0,1372.5643639564514
33117.0,133.0,249.0,33.51189384076535,27.552704863517537,33117,33117.0,1381.6015906333923
33366.0,134.0,249.0,0.0005182405493727149,21.561055542409402,33366,33366.0,1393.150191783905
33615.0,135.0,249.0,5.879723773955154e-19,29.54506384394524,33615,33615.0,1401.5779972076416
33864.0,136.0,249.0,0.0005867713442299817,21.17984718849636,33864,33864.0,1413.334457397461
34113.0,137.0,249.0,1.4167101468606737e-23,28.75664316532595,34113,34113.0,1421.993327140808
34362.0,138.0,249.0,2.6714111889157293e-07,20.81872601875054,34362,34362.0,1433.9537146091461
34611.0,139.0,249.0,3.6632181635915493,28.387436920155917,34611,34611.0,1442.725201845169
34860.0,140.0,249.0,1.2397194916885231e-30,21.6307877532883,34860,34860.0,1454.2365729808807
35109.0,141.0,249.0,1.869394607979524e-13,26.349332524438715,35109,35109.0,1463.6865289211273
35358.0,142.0,249.0,98.23024366465661,23.075429208517026,35358,35358.0,1474.47722864151
35607.0,143.0,249.0,9.018892217879768e-13,24.552261217316993,35607,35607.0,1484.6188621520996
35856.0,144.0,249.0,5.939192288906001e-44,24.247746474455408,35856,35856.0,1494.8878586292267
36105.0,145.0,249.0,0.0053591180074376125,21.973130287166747,36105,36105.0,1506.2198827266693
36354.0,146.0,249.0,1.7036721705815032e-37,26.88213426677372,36354,36354.0,1515.4825420379639
36603.0,147.0,249.0,1.6540979630697772,21.07155402932742,36603,36603.0,1527.2994227409363
36852.0,148.0,249.0,1.4695016779677744e-22,28.001880802719995,36852,36852.0,1536.191683769226
37101.0,149.0,249.0,7.523814644895365e-10,21.115010915038592,37101,37101.0,1547.9842433929443
37350.0,150.0,249.0,3.756073142967408e-17,29.451364423792032,37350,37350.0,1556.4388711452484
37599.0,151.0,249.0,0.3150507665821535,21.288567471999052,37599,37599.0,1568.1352910995483
37848.0,152.0,249.0,9.682462476651669e-18,27.440243277626877,37848,37848.0,1577.2095568180084
38097.0,153.0,249.0,5.8013972237749195e-27,21.348579642492922,38097,38097.0,1588.8730971813202
38346.0,154.0,249.0,1.6705659467048471e-09,26.569719310571372,38346,38346.0,1598.2446687221527
38595.0,155.0,249.0,0.0033166220865209644,23.082316244502326,38595,38595.0,1609.0321488380432
38844.0,156.0,249.0,2.303577509441453e-34,26.14168818041325,38844,38844.0,1618.5571660995483
39093.0,157.0,249.0,5.211622881853277e-13,23.554682045349963,39093,39093.0,1629.1283147335052
39342.0,158.0,249.0,4.991861589735308e-28,23.90741104502833,39342,39342.0,1639.5434958934784
39591.0,159.0,249.0,6.6042583164080614e-24,24.971121458277842,39591,39591.0,1649.5150153636932
39840.0,160.0,249.0,1.0296107821788558,22.86809861630908,39840,39840.0,1660.4035472869873
40089.0,161.0,249.0,3.5062996307094893e-47,5.558938765725981,40089,40089.0,1705.1962711811066
40338.0,162.0,249.0,6.289053085484763e-29,22.521930121834693,40338,40338.0,1716.252163887024
40587.0,163.0,249.0,33.06536564318403,28.361912933212796,40587,40587.0,1725.0315449237823
40836.0,164.0,249.0,1.0871231148092214e-07,21.745738596524507,40836,40836.0,1736.4820656776428
41085.0,165.0,249.0,5.6819376427231296e-12,27.489334496131857,41085,41085.0,1745.5401253700256
41334.0,166.0,249.0,1.045101943224038e-16,22.43852171293744,41334,41334.0,1756.6371142864227
41583.0,167.0,249.0,1.633695125355186e-47,26.101238943361142,41583,41583.0,1766.1768918037415
41832.0,168.0,249.0,2.97122025477851e-34,23.97743748790661,41832,41832.0,1776.5616564750671
42081.0,169.0,249.0,7.820424329812807e-30,25.676875493343196,42081,42081.0,1786.25909948349
42330.0,170.0,249.0,5.522681677512404e-40,24.00099553939977,42330,42330.0,1796.6336703300476
42579.0,171.0,249.0,27.237795911022694,24.65264445436432,42579,42579.0,1806.7340087890625
42828.0,172.0,249.0,16.315387487404426,24.522023964617226,42828,42828.0,1816.8881471157074
43077.0,173.0,249.0,1.2010676973008989e-31,23.682432873389327,43077,43077.0,1827.402271270752
43326.0,174.0,249.0,9.185838782503163e-14,27.1807132438889,43326,43326.0,1836.5631794929504
43575.0,175.0,249.0,3.6297725146934514e-29,23.126808012086915,43575,43575.0,1847.3299067020416
43824.0,176.0,249.0,6.700818974888946e-29,27.16871121045051,43824,43824.0,1856.4948620796204
44073.0,177.0,249.0,9.292240927459473e-14,22.312602388951625,44073,44073.0,1867.6544766426086
44322.0,178.0,249.0,9.138584863036697e-19,28.70091658769471,44322,44322.0,1876.3301594257355
44571.0,179.0,249.0,89.49659292786765,21.026319740269262,44571,44571.0,1888.1724610328674
44820.0,180.0,249.0,1.3645151413338507e-40,29.859737286888258,44820,44820.0,1896.5114505290985
45069.0,181.0,249.0,0.6312057213716813,21.42458940595387,45069,45069.0,1908.13361120224
45318.0,182.0,249.0,1.2349943304887203e-16,29.242360558408958,45318,45318.0,1916.64865732193
45567.0,183.0,249.0,7.812426174767182e-12,21.24156123818181,45567,45567.0,1928.3709602355957
45816.0,184.0,249.0,1.0551152748408116e-07,29.481312771328668,45816,45816.0,1936.8169894218445
46065.0,185.0,249.0,7.352681822195133e-18,21.86300785204304,46065,46065.0,1948.206092119217
46314.0,186.0,249.0,2.042545121527941e-35,26.428814370562865,46314,46314.0,1957.6276288032532
46563.0,187.0,249.0,3.0576040206045308e-43,23.669550780813104,46563,46563.0,1968.1474809646606
46812.0,188.0,249.0,0.02411760280045175,26.174231358446615,46812,46812.0,1977.6606492996216
47061.0,189.0,249.0,5.590442692011551e-57,24.700151741622992,47061,47061.0,1987.7415599822998
47310.0,190.0,249.0,4.953614935704131e-50,25.370979240276956,47310,47310.0,1997.5559248924255
47559.0,191.0,249.0,5.644071573528319e-13,24.941060571038502,47559,47559.0,2007.539463043213
47808.0,192.0,249.0,5.785307084806356e-11,23.31625816881472,47808,47808.0,2018.21870803833
48057.0,193.0,249.0,0.0011968813304553607,25.367400084964306,48057,48057.0,2028.0344564914703
48306.0,194.0,249.0,1.6320220546412905e-56,21.540396686020777,48306,48306.0,2039.594134092331
48555.0,195.0,249.0,2.5178281967553584e-12,27.918406678978354,48555,48555.0,2048.512983083725
48804.0,196.0,249.0,1.1810712842607663e-21,21.398503942985222,48804,48804.0,2060.1493122577667
49053.0,197.0,249.0,39.061358107920476,28.827353585999045,49053,49053.0,2068.786942720413
49302.0,198.0,249.0,3.731614940211615e-11,21.87253629383147,49302,49302.0,2080.17108297348
49551.0,199.0,249.0,7.726107005193979e-27,28.501472938490593,49551,49551.0,2088.9074754714966
49800.0,200.0,249.0,7.580198722382552e-08,20.44348129852598,49800,49800.0,2101.0873987674713
50049.0,201.0,249.0,31.85387256544473,5.031556472066878,50049,50049.0,2150.5750691890717
50298.0,202.0,249.0,3.655975348495587e-30,25.516953886875086,50298,50298.0,2160.3332889080048
50547.0,203.0,249.0,5.070810526406093e-14,23.65504308808546,50547,50547.0,2170.859586954117
50796.0,204.0,249.0,1.6548024507091688e-28,24.531726168615823,50796,50796.0,2181.0097098350525
51045.0,205.0,249.0,2.170766082319054e-15,25.510253608949537,51045,51045.0,2190.770492076874
51294.0,206.0,249.0,1.3280755248373083e-27,22.7059969080256,51294,51294.0,2201.736759185791
51543.0,207.0,249.0,1.8542979700009472e-37,26.142858204924902,51543,51543.0,2211.2613501548767
51792.0,208.0,249.0,7.416258457583074e-12,21.04097295615419,51792,51792.0,2223.095405101776
52041.0,209.0,249.0,1.540711152173974e-14,28.78707661424418,52041,52041.0,2231.7451207637787
52290.0,210.0,249.0,1.4214533159758289e-15,21.179150954651142,52290,52290.0,2243.501967191696
52539.0,211.0,249.0,2.1955684298743445e-29,28.97759316338785,52539,52539.0,2252.0948646068573
52788.0,212.0,249.0,3.686290569663582e-58,21.52236815814099,52788,52788.0,2263.6642253398895
53037.0,213.0,249.0,0.7207539886029147,28.5049470760519,53037,53037.0,2272.399552822113
53286.0,214.0,249.0,2.617843760398561,21.236578080685607,53286,53286.0,2284.1246070861816
53535.0,215.0,249.0,15.847866327533005,26.04181350248807,53535,53535.0,2293.6861538887024
53784.0,216.0,249.0,1.3003622210480538e-31,23.792295362056784,53784,53784.0,2304.1517281532288
54033.0,217.0,249.0,6.184140754053861e-22,24.28113132618661,54033,54033.0,2314.40660572052
54282.0,218.0,249.0,1.1151176006893755e-27,25.728883567617103,54282,54282.0,2324.084445953369
54531.0,219.0,249.0,5.662218303062757e-35,23.09579977917074,54531,54531.0,2334.8656284809113
54780.0,220.0,249.0,6.45506426075176,25.97665427912066,54780,54780.0,2344.451161146164
55029.0,221.0,249.0,5.262298827242511e-18,21.348155912378715,55029,55029.0,2356.1149337291718
55278.0,222.0,249.0,1.0616145874484426e-13,27.90727237411386,55278,55278.0,2365.037339925766
55527.0,223.0,249.0,0.0010734320129124001,21.331228767712695,55527,55527.0,2376.710367679596
55776.0,224.0,249.0,2.018537450652002,29.461371470624375,55776,55776.0,2385.1621141433716
56025.0,225.0,249.0,8.141814925551866e-54,21.160490831495434,56025,56025.0,2396.9293286800385
56274.0,226.0,249.0,5.782183540763105e-33,28.460539495277114,56274,56274.0,2405.678285598755
56523.0,227.0,249.0,1.0205244441121968e-30,21.64194127554002,56523,56523.0,2417.183723926544
56772.0,228.0,249.0,5.0398298944956266e-33,25.671899411192722,56772,56772.0,2426.883045911789
57021.0,229.0,249.0,1.62007496680114e-08,23.11810779885459,57021,57021.0,2437.653825521469
57270.0,230.0,249.0,40.18513396649504,24.5794287192547,57270,57270.0,2447.784249305725
57519.0,231.0,249.0,0.09552052469078817,24.91483376571649,57519,57519.0,2457.7782967090607
57768.0,232.0,249.0,1.5223176039298343e-22,23.316705846295385,57768,57768.0,2468.4573369026184
58017.0,233.0,249.0,4.548205660371253e-11,26.46836408628118,58017,58017.0,2477.8647949695587
58266.0,234.0,249.0,0.02289217000144087,22.660824885406665,58266,58266.0,2488.852922677994
58515.0,235.0,249.0,2.378228527376255e-41,26.715640810969486,58515,58515.0,2498.173306941986
58764.0,236.0,249.0,1.1560001015332304e-11,21.61375538069115,58764,58764.0,2509.6937494277954
59013.0,237.0,249.0,9.505983686190527e-05,29.035400511781535,59013,59013.0,2518.2694885730743
59262.0,238.0,249.0,1.1948906223104485,20.727980793533963,59262,59262.0,2530.2822387218475
59511.0,239.0,249.0,1.569640512799103,29.054881498991087,59511,59511.0,2538.85222864151
59760.0,240.0,249.0,6.222314841296122e-06,21.802781243584466,59760,59760.0,2550.2727913856506
60009.0,241.0,249.0,3.5227365820907566e-12,4.987072449828296,60009,60009.0,2600.20188498497
60258.0,242.0,249.0,3.818716374395332e-42,28.10461904441544,60258,60258.0,2609.0616397857666
60507.0,243.0,249.0,72.85569667475936,22.936358549443597,60507,60507.0,2619.917766571045
60756.0,244.0,249.0,44.95636260371533,25.56181845225078,60756,60756.0,2629.6588587760925
61005.0,245.0,249.0,3.80720044594305e-19,24.571779038333496,61005,61005.0,2639.79243683815
61254.0,246.0,249.0,7.501632881624688e-09,23.82479734480709,61254,61254.0,2650.2437341213226
61503.0,247.0,249.0,0.9908395332436678,25.79606793752154,61503,61503.0,2659.8963689804077
61752.0,248.0,249.0,0.15118829501978584,23.760980909796693,61752,61752.0,2670.3757350444794
62001.0,249.0,249.0,0.8194782378840115,26.34753241473085,62001,62001.0,2679.826336622238
62250.0,250.0,249.0,3.719910009123819e-45,23.975262714968775,62250,62250.0,2690.2120423316956
62499.0,251.0,249.0,4.330294032762855e-10,26.69530342808824,62499,62499.0,2699.5395274162292
62748.0,252.0,249.0,5.848704340723301e-09,22.538359118705365,62748,62748.0,2710.587359905243
62997.0,253.0,249.0,0.9082396204537193,28.230483065981502,62997,62997.0,2719.4076142311096
63246.0,254.0,249.0,24.952253272409028,22.202313260529984,63246,63246.0,2730.6226630210876
63495.0,255.0,249.0,2.5680844606982504e-29,28.26706347347184,63495,63495.0,2739.4315028190613
63744.0,256.0,249.0,3.2590897538257116e-23,22.20892173795216,63744,63744.0,2750.643214702606
63993.0,257.0,249.0,5.430798560181898e-24,29.269932643783218,63993,63993.0,2759.150239467621
64242.0,258.0,249.0,3.2463587990232945e-55,22.31313058024984,64242,64242.0,2770.3095886707306
64491.0,259.0,249.0,0.0011548208515952546,28.480140276148216,64491,64491.0,2779.052525281906
64740.0,260.0,249.0,7.591785323583883e-47,22.524429232735567,64740,64740.0,2790.1071903705597
64989.0,261.0,249.0,1.658448804874029e-07,27.98399953827199,64989,64989.0,2799.0051333904266
65238.0,262.0,249.0,1.7222970970401707e-59,22.184288265365783,65238,65238.0,2810.229294538498
65487.0,263.0,249.0,3.638763303550894e-15,26.11023823784904,65487,65487.0,2819.7657856941223
65736.0,264.0,249.0,1.5250241575960269e-06,23.90997639958804,65736,65736.0,2830.1798498630524
65985.0,265.0,249.0,2.9888151850068303e-32,25.365035487870667,65985,65985.0,2839.996514081955
66234.0,266.0,249.0,0.00988133347573565,25.63670856106542,66234,66234.0,2849.709151029587
66483.0,267.0,249.0,8.193826396527975e-35,24.764841825790796,66483,66483.0,2859.763728618622
66732.0,268.0,249.0,7.276306214089015e-46,25.63162033358406,66732,66732.0,2869.4782934188843
66981.0,269.0,249.0,0.00603323718132513,22.686108275237537,66981,66981.0,2880.4541749954224
67230.0,270.0,249.0,3.6774639864490284e-53,27.10625638882743,67230,67230.0,2889.6402473449707
67479.0,271.0,249.0,4.9321927636383025e-28,22.920054134763326,67479,67479.0,2900.5040974617004
67728.0,272.0,249.0,41.92399679882761,28.699522956874308,67728,67728.0,2909.1802010536194
67977.0,273.0,249.0,2.128456765171671e-40,22.347067727245193,67977,67977.0,2920.3226039409637
68226.0,274.0,249.0,7.857124501480872e-16,30.448023403523614,68226,68226.0,2928.5004761219025
68475.0,275.0,249.0,8.699444776950447e-25,21.251656952199333,68475,68475.0,2940.2172105312347
68724.0,276.0,249.0,2.0790608360878643e-25,29.57954634252157,68724,68724.0,2948.6351902484894
68973.0,277.0,249.0,1.1997586080693144e-38,21.813267264681755,68973,68973.0,2960.050262928009
69222.0,278.0,249.0,3.1475337162397652e-06,29.132018445766747,69222,69222.0,2968.59756064415
69471.0,279.0,249.0,3.188375082772406e-16,21.773766104873918,69471,69471.0,2980.033341407776
69720.0,280.0,249.0,1.3465163396779979e-30,27.60591917863391,69720,69720.0,2989.053147315979
69969.0,281.0,249.0,1.2856941525620923e-43,23.14350802031674,69969,69969.0,2999.8121054172516
70218.0,282.0,249.0,1.3807613834035324e-42,5.6254960524554924,70218,70218.0,3044.0748698711395
70467.0,283.0,249.0,5.663509596952476e-42,25.869751149389856,70467,70467.0,3053.700011730194
70716.0,284.0,249.0,2.532791814015592e-07,21.590523338939924,70716,70716.0,3065.232850790024
70965.0,285.0,249.0,24.261888940236954,30.631688638386137,70965,70965.0,3073.36168885231
71214.0,286.0,249.0,3.1042571125305213e-35,21.61933110099408,71214,71214.0,3084.8791604042053
71463.0,287.0,249.0,1.0242701529255761e-13,30.21938827062093,71463,71463.0,3093.1189048290253
71712.0,288.0,249.0,0.6994811678343876,22.05640595970141,71712,71712.0,3104.4081432819366
71961.0,289.0,249.0,0.0005789136349220454,28.647901925464062,71961,71961.0,3113.0998809337616
72210.0,290.0,249.0,1.4899336654347333e-43,21.487006665347604,72210,72210.0,3124.6882808208466
72459.0,291.0,249.0,5.823459342272432e-41,28.44177041849351,72459,72459.0,3133.4430112838745
72708.0,292.0,249.0,0.0005717732932186468,22.64516110566872,72708,72708.0,3144.438738822937
72957.0,293.0,249.0,1.0968860453375869e-24,28.3813572303984,72957,72957.0,3153.2121047973633
73206.0,294.0,249.0,3.0712653458297786e-20,23.180541339049526,73206,73206.0,3163.9538741111755
73455.0,295.0,249.0,1.5679409533421076e-09,26.457278346491442,73455,73455.0,3173.3652741909027
73704.0,296.0,249.0,7.52288402345635e-06,23.96429853531835,73704,73704.0,3183.7557311058044
73953.0,297.0,249.0,1.3062547288168652e-21,24.623058804756823,73953,73953.0,3193.868204832077
74202.0,298.0,249.0,2.5684422173624343e-08,25.273287846909724,74202,74202.0,3203.7205061912537
74451.0,299.0,249.0,7.064085473450796e-06,23.80724655227119,74451,74451.0,3214.179507493973
74700.0,300.0,249.0,3.6444175855943116e-49,27.08458684946611,74700,74700.0,3223.3729300498962
74949.0,301.0,249.0,1.0095463392333655e-29,23.500729899019348,74949,74949.0,3233.9683468341827
75198.0,302.0,249.0,8.998269814896793e-07,27.15742876218176,75198,75198.0,3243.137110233307
75447.0,303.0,249.0,4.861569648030911e-57,22.657513339454265,75447,75447.0,3254.1268439292908
75696.0,304.0,249.0,5.677315236104878e-29,27.890831492227566,75696,75696.0,3263.054510116577
75945.0,305.0,249.0,1.0518274630187885e-40,22.368972124075434,75945,75945.0,3274.1860015392303
76194.0,306.0,249.0,5.8781234380455985e-22,30.710054425733382,76194,76194.0,3282.2940969467163
76443.0,307.0,249.0,3.2755355176684725e-40,21.656388500853364,76443,76443.0,3293.791860818863
76692.0,308.0,249.0,4.4326116733645265e-35,29.847508566733758,76692,76692.0,3302.134267807007
76941.0,309.0,249.0,16.744402649104597,21.902789672406204,76941,76941.0,3313.502683401108
77190.0,310.0,249.0,0.1950500346446839,28.86746813715328,77190,77190.0,3322.128310918808
77439.0,311.0,249.0,2.2622932019017037e-19,21.946567199595425,77439,77439.0,3333.474049806595
77688.0,312.0,249.0,0.005687171751801378,28.30633169856253,77688,77688.0,3342.270670890808
77937.0,313.0,249.0,1.799152282098882e-34,23.82428266186413,77937,77937.0,3352.722193479538
78186.0,314.0,249.0,9.695978442912076e-15,26.074230070215908,78186,78186.0,3362.271853208542
78435.0,315.0,249.0,6.616994672846466e-13,24.137439937883137,78435,78435.0,3372.587778568268
78684.0,316.0,249.0,3.3972731351325474e-11,25.631441681459897,78684,78684.0,3382.3024117946625
78933.0,317.0,249.0,5.2842497496887916e-23,24.615529310210768,78933,78933.0,3392.417978286743
79182.0,318.0,249.0,1.4910861044705205e-39,24.096135019720116,79182,79182.0,3402.751587152481
79431.0,319.0,249.0,6.733147922848164e-18,27.779491236991568,79431,79431.0,3411.7150349617004
79680.0,320.0,249.0,2.7137715555807316e-54,22.108841890240885,79680,79680.0,3422.9774985313416
79929.0,321.0,249.0,5.968187066108182e-13,27.897355592059363,79929,79929.0,3431.903076648712
80178.0,322.0,249.0,3.335589457451942e-13,5.282960244030908,80178,80178.0,3479.035743713379
80427.0,323.0,249.0,1.7686876351729234e-45,24.803149361701944,80427,80427.0,3489.07479262352
80676.0,324.0,249.0,9.927252829728209e-48,25.159145004806795,80676,80676.0,3498.9717922210693
80925.0,325.0,249.0,1.7580358247107327e-07,23.562414735909073,80925,80925.0,3509.5394718647003
81174.0,326.0,249.0,0.04909448447340686,26.840508073714414,81174,81174.0,3518.8164954185486
81423.0,327.0,249.0,1.3201004760201558e-23,22.107650820681542,81423,81423.0,3530.079566001892
81672.0,328.0,249.0,5.701187005966835e-26,28.951450831582903,81672,81672.0,3538.6801719665527
81921.0,329.0,249.0,35.66339593516807,21.457020858627885,81921,81921.0,3550.2847666740417
82170.0,330.0,249.0,2.31398693394823e-10,30.380484891392662,82170,82170.0,3558.48081946373
82419.0,331.0,249.0,5.4294795175040595e-34,21.53180391209056,82419,82419.0,3570.045109272003
82668.0,332.0,249.0,4.304435011563615e-47,29.542422901877693,82668,82668.0,3578.4736680984497
82917.0,333.0,249.0,5.4348396157884275e-22,22.040041573767585,82917,82917.0,3589.771288871765
83166.0,334.0,249.0,2.958498564642834e-05,29.396106473190134,83166,83166.0,3598.2418129444122
83415.0,335.0,249.0,6.205524832045868e-06,21.78043667078981,83415,83415.0,3609.67409157753
83664.0,336.0,249.0,1.4141371385593424e-06,28.890886856778526,83664,83664.0,3618.2927272319794
83913.0,337.0,249.0,1.751302492609313e-29,22.495950399480282,83913,83913.0,3629.361387491226
84162.0,338.0,249.0,53.98503797695989,26.169488192365044,84162,84162.0,3638.876286506653
84411.0,339.0,249.0,6.614433798047747e-07,23.774272303641478,84411,84411.0,3649.349794149399
84660.0,340.0,249.0,7.523248889567187e-06,26.229435839751712,84660,84660.0,3658.8429465293884
84909.0,341.0,249.0,98.10750536179958,23.897867091710175,84909,84909.0,3669.262288093567
85158.0,342.0,249.0,1.655705214521135e-17,25.11519358528822,85158,85158.0,3679.1766064167023
85407.0,343.0,249.0,0.14547549894410197,25.171377473063696,85407,85407.0,3689.068796634674
85656.0,344.0,249.0,0.002143700885851843,23.810510792056935,85656,85656.0,3699.52636384964
85905.0,345.0,249.0,142.52951705517683,25.401907491947693,85905,85905.0,3709.3287789821625
86154.0,346.0,249.0,8.008144298237676e-09,22.529585127590032,86154,86154.0,3720.3809146881104
86403.0,347.0,249.0,0.003260366542331303,28.443396308889913,86403,86403.0,3729.1351449489594
86652.0,348.0,249.0,45.06968382898053,22.110953370561006,86652,86652.0,3740.39653301239
86901.0,349.0,249.0,2.0701641004308993,29.066125425368103,86901,86901.0,3748.963207960129
87150.0,350.0,249.0,1.0152905446323684e-56,21.819735946064778,87150,87150.0,3760.3748965263367
87399.0,351.0,249.0,2.8775965937607113e-09,29.4458167458058,87399,87399.0,3768.8311080932617
87648.0,352.0,249.0,2.481757057520404e-58,21.239988766444068,87648,87648.0,3780.5542793273926
87897.0,353.0,249.0,70.42667465500026,26.920465565185154,87897,87897.0,3789.803748846054
88146.0,354.0,249.0,1.2708947371002777e-17,23.563382808956526,88146,88146.0,3800.370992898941
88395.0,355.0,249.0,1.444662204269524,25.813213166155823,88395,88395.0,3810.0172171592712
88644.0,356.0,249.0,1.9596436973480014e-18,23.91119769519855,88644,88644.0,3820.4307494163513
88893.0,357.0,249.0,0.8661860526727758,26.37610125751605,88893,88893.0,3829.8711149692535
89142.0,358.0,249.0,0.038738412926989,24.363144681124844,89142,89142.0,3840.0914719104767
89391.0,359.0,249.0,2.66994191343741e-10,23.69572038124278,89391,89391.0,3850.59969997406
89640.0,360.0,249.0,4.628614760172333e-41,26.250576905748247,89640,89640.0,3860.0852069854736
89889.0,361.0,249.0,9.922318056489209e-24,24.608615565099612,89889,89889.0,3870.2036159038544
90138.0,362.0,249.0,5.668556593114757e-14,5.578168622350923,90138,90138.0,3914.8419239521027
90387.0,363.0,249.0,5.860846650709998e-20,21.974574147318872,90387,90387.0,3926.1732029914856
90636.0,364.0,249.0,2.620714754733077e-23,29.830346385690575,90636,90636.0,3934.520408630371
90885.0,365.0,249.0,4.194657213485235e-43,22.095002984908664,90885,90885.0,3945.7899267673492
91134.0,366.0,249.0,3.452577896981707e-05,28.019543625428692,91134,91134.0,3954.67658162117
91383.0,367.0,249.0,0.0004925463118712642,22.630843923597503,91383,91383.0,3965.679265975952
91632.0,368.0,249.0,2.519328019861732e-50,28.899625695693064,91632,91632.0,3974.2952964305878
91881.0,369.0,249.0,1.273600894252654e-33,23.436093473144513,91881,91881.0,3984.9199352264404
92130.0,370.0,249.0,6.459458400133714,27.674410629258603,92130,92130.0,3993.917418718338
92379.0,371.0,249.0,82.85151768291304,23.86641229433369,92379,92379.0,4004.350492477417
92628.0,372.0,249.0,0.0006124489504564971,26.86556422802349,92628,92628.0,4013.618864297867
92877.0,373.0,249.0,1.1640555617788525e-34,23.03931671830639,92877,92877.0,4024.4264776706696
93126.0,374.0,249.0,5.618445517095511e-19,25.373246314498104,93126,93126.0,4034.2399644851685
93375.0,375.0,249.0,2.1338083001716518e-26,25.357600169435635,93375,93375.0,4044.059507369995
93624.0,376.0,249.0,0.022652270871763733,24.737922907995223,93624,93624.0,4054.1250264644623
93873.0,377.0,249.0,3.765748127135104e-15,25.726719171212665,93873,93873.0,4063.8036816120148
94122.0,378.0,249.0,0.0018933162654255831,24.388715486379503,94122,94122.0,4074.0133225917816
94371.0,379.0,249.0,23.75192837213355,25.781405055411366,94371,94371.0,4083.6714470386505
94620.0,380.0,249.0,1.5353252751420688e-05,22.421275630211724,94620,94620.0,4094.776972770691
94869.0,381.0,249.0,3.329520989084441e-09,28.86471638108826,94869,94869.0,4103.403423070908
95118.0,382.0,249.0,0.012677978352138512,22.34429421044997,95118,95118.0,4114.547209262848
95367.0,383.0,249.0,45.83821023452583,28.769855714881878,95367,95367.0,4123.202102422714
95616.0,384.0,249.0,5.449086995848631e-09,22.25977734802459,95616,95616.0,4134.388200044632
95865.0,385.0,249.0,8.734721951270031e-44,30.750099040078968,95865,95865.0,4142.4857358932495
96114.0,386.0,249.0,5.6069793804435075e-05,20.697018108682297,96114,96114.0,4154.516456365585
96363.0,387.0,249.0,5.958610132992388e-28,29.590069099575473,96363,96363.0,4162.931443452835
96612.0,388.0,249.0,8.424140430117501e-11,21.947491911869147,96612,96612.0,4174.276704788208
96861.0,389.0,249.0,1.7214807730142516e-31,27.914913616876383,96861,96861.0,4183.196669101715
97110.0,390.0,249.0,1.5890093777356765e-46,22.826029972169195,97110,97110.0,4194.105268716812
97359.0,391.0,249.0,1.1175968969272297e-14,26.95073758034752,97359,97359.0,4203.344348669052
97608.0,392.0,249.0,2.3772580284329055e-29,23.702356548924516,97608,97608.0,4213.849634647369
97857.0,393.0,249.0,1.9021257333214117e-41,25.37823431752421,97857,97857.0,4223.6611931324005
98106.0,394.0,249.0,1.8465844457386313e-25,25.41384970067635,98106,98106.0,4233.459002017975
98355.0,395.0,249.0,3.9535485928318806e-30,24.140678734335935,98355,98355.0,4243.773543596268
98604.0,396.0,249.0,3.003603553151579e-32,27.39615846347983,98604,98604.0,4252.8624103069305
98853.0,397.0,249.0,22.752744425802213,23.396244272451305,98853,98853.0,4263.505145311356
99102.0,398.0,249.0,7.102375506449743e-24,27.25355891032809,99102,99102.0,4272.641568660736
99351.0,399.0,249.0,8.781785014586416e-43,23.02811112665112,99351,99351.0,4283.454441308975
99600.0,400.0,249.0,1.9393262368434928e-50,27.993050611432654,99600,99600.0,4292.349507570267
99849.0,401.0,249.0,57.63357041550323,23.02016998105762,99849,99849.0,4303.166110277176
100098.0,402.0,249.0,5.311600746989959e-10,5.111751587895033,100098,100098.0,4351.877398729324
100347.0,403.0,249.0,5.615231653757399e-20,25.180659352317207,100347,100347.0,4361.765941858292
100596.0,404.0,249.0,1.2825663218662653e-26,23.42713592254679,100596,100596.0,4372.394643306732
100845.0,405.0,249.0,6.442898593813101e-54,28.135437382252857,100845,100845.0,4381.244693517685
101094.0,406.0,249.0,9.931089083268883e-28,23.141038861185677,101094,101094.0,4392.004812717438
101343.0,407.0,249.0,2.5454189283849025,26.7096945461193,101343,101343.0,4401.327271938324
101592.0,408.0,249.0,0.7468818101565515,22.741587735127457,101592,101592.0,4412.276376724243
101841.0,409.0,249.0,38.79007062931598,28.054203691486457,101841,101841.0,4421.152054071426
102090.0,410.0,249.0,7.688333439359211e-37,22.348773487915487,102090,102090.0,4432.293606758118
102339.0,411.0,249.0,6.610381002617687e-12,28.910747354533054,102339,102339.0,4440.906322002411
102588.0,412.0,249.0,2.7594049006094105e-05,21.883120715100283,102588,102588.0,4452.284956693649
102837.0,413.0,249.0,13.02914426746138,30.107618055627825,102837,102837.0,4460.555290222168
103086.0,414.0,249.0,1.1174296531275236e-21,22.3543961640862,103086,103086.0,4471.694039821625
103335.0,415.0,249.0,2.615506591412535e-08,29.962015680300723,103335,103335.0,4480.004564285278
103584.0,416.0,249.0,2.4202703962627685e-08,22.012484653009906,103584,103584.0,4491.316328763962
103833.0,417.0,249.0,0.46793065040725995,30.35437305509825,103833,103833.0,4499.519431352615
104082.0,418.0,249.0,38.76892828275022,21.85579172831678,104082,104082.0,4510.912294387817
104331.0,419.0,249.0,64.81637676381865,30.062994533988935,104331,104331.0,4519.194904327393
104580.0,420.0,249.0,3.3953402529142424e-08,21.910124203043026,104580,104580.0,4530.559514760971
104829.0,421.0,249.0,4.1736950348940136e-29,27.693100340935512,104829,104829.0,4539.5509259700775
105078.0,422.0,249.0,5.429732644230062e-14,23.00424989159024,105078,105078.0,4550.375014305115
105327.0,423.0,249.0,1.8299484527089355e-37,28.096067853569682,105327,105327.0,4559.237466335297
105576.0,424.0,249.0,2.940351284189263e-32,23.61670421307543,105576,105576.0,4569.78085231781
105825.0,425.0,249.0,0.012805615134105651,27.733507023970997,105825,105825.0,4578.759163379669
106074.0,426.0,249.0,15.102855003677849,23.97430453097505,106074,106074.0,4589.1452848911285
106323.0,427.0,249.0,1.85709421413079e-46,27.290857172661546,106323,106323.0,4598.269220590591
106572.0,428.0,249.0,1.6743440949489396e-10,23.234660367005947,106572,106572.0,4608.985970258713
106821.0,429.0,249.0,2.7144061979370896e-43,25.719990003407393,106821,106821.0,4618.667157173157
107070.0,430.0,249.0,1.6552433247102807e-37,25.207651694240212,107070,107070.0,4628.545111656189
107319.0,431.0,249.0,1.209823016235906e-20,23.99000946983401,107319,107319.0,4638.924433469772
107568.0,432.0,249.0,8.39988997640032,26.847405760972258,107568,107568.0,4648.199073791504
107817.0,433.0,249.0,5.8699812393192445,23.954371764374304,107817,107817.0,4658.593837738037
108066.0,434.0,249.0,8.081672270381005e-16,26.5541268605218,108066,108066.0,4667.970912694931
108315.0,435.0,249.0,36.30875349148708,21.920533399479485,108315,108315.0,4679.330126523972
108564.0,436.0,249.0,0.002461483911253471,29.20821326754602,108564,108564.0,4687.855127811432
108813.0,437.0,249.0,3.6226355974272067e-06,21.46141118649428,108813,108813.0,4699.457348823547
109062.0,438.0,249.0,0.0013392468431380079,30.63196895006617,109062,109062.0,4707.586112737656
109311.0,439.0,249.0,0.08538546370480377,22.039067654286306,109311,109311.0,4718.884232997894
109560.0,440.0,249.0,2.919302442091732e-50,29.708528624913637,109560,109560.0,4727.265666246414
109809.0,441.0,249.0,49.07157902743059,21.671149115183677,109809,109809.0,4738.755598783493
110058.0,442.0,249.0,4.882298264727057e-35,5.21257000445991,110058,110058.0,4786.524742603302
110307.0,443.0,249.0,0.0001785009003882187,29.49955283837052,110307,110307.0,4794.965549707413
110556.0,444.0,249.0,0.031224818370724983,22.426789411183172,110556,110556.0,4806.0683443546295
110805.0,445.0,249.0,5.552983877732212e-12,29.071747011019063,110805,110805.0,4814.633362770081
111054.0,446.0,249.0,1.0139646686150441e-28,22.310262058743497,111054,111054.0,4825.794146776199
111303.0,447.0,249.0,14.007268580995994,28.52032559400545,111303,111303.0,4834.5247638225555
111552.0,448.0,249.0,0.007238995130659242,23.139608374540312,111552,111552.0,4845.285534858704
111801.0,449.0,249.0,0.0003101692274015203,24.548938746339132,111801,111801.0,4855.428541660309
112050.0,450.0,249.0,0.011519383579507827,25.422774740993642,112050,112050.0,4865.222910642624
112299.0,451.0,249.0,0.00012430486274464373,26.021219226111292,112299,112299.0,4874.792025089264
112548.0,452.0,249.0,0.0023537854423008532,25.200470092074777,112548,112548.0,4884.672794342041
112797.0,453.0,249.0,7.335627062109792e-12,24.193349858023733,112797,112797.0,4894.96488070488
113046.0,454.0,249.0,2.3672146580219504,26.533755458804848,113046,113046.0,4904.34915471077
113295.0,455.0,249.0,7.210015325119838e-56,22.199680785782142,113295,113295.0,4915.565534114838
113544.0,456.0,249.0,0.08317840617720053,27.71668907253301,113544,113544.0,4924.549292564392
113793.0,457.0,249.0,0.0006456859308946284,21.86322250539588,113793,113793.0,4935.938282489777
114042.0,458.0,249.0,2.984966795430745e-34,29.593535303022964,114042,114042.0,4944.35228395462
114291.0,459.0,249.0,4.5254787197750174e-15,21.40030607236131,114291,114291.0,4955.987633466721
114540.0,460.0,249.0,2.2683146202839963,30.424244924241602,114540,114540.0,4964.171897172928
114789.0,461.0,249.0,9.477564842786887e-13,21.284439296108566,114789,114789.0,4975.870586156845
115038.0,462.0,249.0,1.3827484097594434e-08,27.0367690712166,115038,115038.0,4985.0802681446075
115287.0,463.0,249.0,2.3167104903399008e-10,22.76972471783709,115287,115287.0,4996.015842914581
115536.0,464.0,249.0,10.385231038671398,27.4729435428481,115536,115536.0,5005.079306840897
115785.0,465.0,249.0,15.94634870105443,23.899912989427605,115785,115785.0,5015.4977560043335
116034.0,466.0,249.0,6.352175211010421e-26,26.02064806003251,116034,116034.0,5025.067081212997
116283.0,467.0,249.0,1.2002848455203184e-09,24.18834724245577,116283,116283.0,5035.36129617691
116532.0,468.0,249.0,4.2118651082335365e-66,24.629533998408437,116532,116532.0,5045.471111059189
116781.0,469.0,249.0,1.940648496064801e-17,25.238483465349944,116781,116781.0,5055.336998462677
117030.0,470.0,249.0,8.42329835052813e-15,22.70775099310102,117030,117030.0,5066.302419185638
117279.0,471.0,249.0,21.787768529982817,27.68448947438151,117279,117279.0,5075.296626567841
117528.0,472.0,249.0,59.44830690414618,22.2692920612122,117528,117528.0,5086.47794508934
117777.0,473.0,249.0,7.399869730292679e-35,30.252460278683806,117777,117777.0,5094.708681821823
118026.0,474.0,249.0,0.03197841341536685,22.1032550364781,118026,118026.0,5105.97399353981
118275.0,475.0,249.0,5.832573365855068e-34,31.169901953659476,118275,118275.0,5113.962470293045
118524.0,476.0,249.0,9.822444626156023e-12,20.924676037001262,118524,118524.0,5125.862297534943
118773.0,477.0,249.0,0.003317635185039887,30.243273989665386,118773,118773.0,5134.095534801483
119022.0,478.0,249.0,1.2799868168260526e-15,21.595718216098724,119022,119022.0,5145.625598907471
119271.0,479.0,249.0,0.12529531159302304,29.74319744862459,119271,119271.0,5153.9972631931305
119520.0,480.0,249.0,5.196324466110337e-30,21.750067147532622,119520,119520.0,5165.445504903793
119769.0,481.0,249.0,2.7837115163146095e-21,27.57283189959047,119769,119769.0,5174.4761345386505
120018.0,482.0,249.0,2.3647006747398154e-22,5.275621374929424,120018,120018.0,5221.674366950989
120267.0,483.0,249.0,5.458244582454263e-42,21.504611104715394,120267,120267.0,5233.253280878067
120516.0,484.0,249.0,0.18568710858896068,29.566944980369655,120516,120516.0,5241.674849510193
120765.0,485.0,249.0,0.13630326275303337,21.92598544377931,120765,120765.0,5253.031239748001
121014.0,486.0,249.0,7.055931885127077e-06,27.84486947155409,121014,121014.0,5261.973641633987
121263.0,487.0,249.0,0.3577588342508309,23.11138657605003,121263,121263.0,5272.747553110123
121512.0,488.0,249.0,2.4625522188584588e-11,27.695705210275584,121512,121512.0,5281.738118648529
121761.0,489.0,249.0,3.314616254095744e-15,23.980617516775016,121761,121761.0,5292.121505022049
122010.0,490.0,249.0,4.0066697593756746e-05,24.861294114454417,122010,122010.0,5302.137075185776
122259.0,491.0,249.0,1.3448108236941154e-25,25.2582576590104,122259,122259.0,5311.995239496231
122508.0,492.0,249.0,1.3736739029818735e-06,26.151780140104282,122508,122508.0,5321.516580820084
122757.0,493.0,249.0,5.409568345125299e-09,25.98753999536078,122757,122757.0,5331.098097085953
123006.0,494.0,249.0,2.8479258835491796e-06,23.65687024631619,123006,123006.0,5341.623581647873
123255.0,495.0,249.0,0.3188508654952606,26.241236011013974,123255,123255.0,5351.112465143204
123504.0,496.0,249.0,3.1341699185552397e-19,23.044760885673963,123504,123504.0,5361.91752576828
123753.0,497.0,249.0,6.553731283906525e-28,27.250522456517448,123753,123753.0,5371.054966926575
124002.0,498.0,249.0,1.0340184690343635e-31,22.294476472265487,124002,124002.0,5382.223654508591
124251.0,499.0,249.0,2.0093551956330027e-25,30.11414209579879,124251,124251.0,5390.492196083069
124500.0,500.0,249.0,87.96846575920367,21.98459670356624,124500,124500.0,5401.81830906868
124749.0,501.0,249.0,7.023039511909391e-44,29.896445987677204,124749,124749.0,5410.147059440613
124998.0,502.0,249.0,7.893831230156869e-18,22.284859393921003,124998,124998.0,5421.320581436157
125247.0,503.0,249.0,5.267445298830529,29.67743315597981,125247,125247.0,5429.71079659462
125496.0,504.0,249.0,135.51685175418618,21.671798923848915,125496,125496.0,5441.200383901596
125745.0,505.0,249.0,3.617472546375186e-09,29.981245489385522,125745,125745.0,5449.5055775642395
125994.0,506.0,249.0,3.845312975243112e-38,22.726130616525207,125994,125994.0,5460.462129116058
126243.0,507.0,249.0,3.7667913279821815e-20,27.98550901881257,126243,126243.0,5469.359592676163
126492.0,508.0,249.0,3.186515475033979e-45,23.438068430529675,126492,126492.0,5479.983336687088
126741.0,509.0,249.0,3.562173752928546e-50,28.070100687796714,126741,126741.0,5488.853986978531
126990.0,510.0,249.0,1.9709513331997594e-53,24.234315877567592,126990,126990.0,5499.128674983978
127239.0,511.0,249.0,3.1173665510246863e-34,25.40508233152102,127239,127239.0,5508.929864645004
127488.0,512.0,249.0,60.65121261981325,25.54924802944546,127488,127488.0,5518.675749778748
127737.0,513.0,249.0,1.837733800436692e-11,25.02400962104254,127737,127737.0,5528.6261947155
127986.0,514.0,249.0,3.445411857926316e-32,26.331422153923373,127986,127986.0,5538.082578659058
128235.0,515.0,249.0,6.807180406917267e-22,24.966893209414348,128235,128235.0,5548.055787563324
128484.0,516.0,249.0,0.18965598304808282,26.49872587457921,128484,128484.0,5557.452467441559
128733.0,517.0,249.0,1.8079307891892796e-30,24.179370921569674,128733,128733.0,5567.750503063202
128982.0,518.0,249.0,1.829016292519185e-36,26.934299608380694,128982,128982.0,5576.9952228069305
129231.0,519.0,249.0,3.1377717054957614e-33,23.17453607289376,129231,129231.0,5587.739775657654
129480.0,520.0,249.0,1.112364162293526e-23,28.16288116824828,129480,129480.0,5596.5812022686005
129729.0,521.0,249.0,3.8856185558398085e-48,23.14834684349559,129729,129729.0,5607.337910890579
129978.0,522.0,249.0,4.253876246252802e-08,28.403230355676737,129978,129978.0,5616.104521036148
130227.0,523.0,249.0,9.337889478201728e-05,5.093186990040226,130227,130227.0,5664.9933614730835
130476.0,524.0,249.0,3.650581648088416e-07,21.921067117107295,130476,130476.0,5676.352298736572
130725.0,525.0,249.0,2.746634544986388e-30,29.254981718537326,130725,130725.0,5684.863671541214
130974.0,526.0,249.0,7.815103670346639e-18,22.54424501110794,130974,130974.0,5695.908620595932
131223.0,527.0,249.0,5.709067183225613e-23,29.49479745468202,131223,131223.0,5704.350788593292
131472.0,528.0,249.0,1.5003825838535234e-07,22.109143305006928,131472,131472.0,5715.613099098206
131721.0,529.0,249.0,3.943240538164253e-22,27.869794436115917,131721,131721.0,5724.547504425049
131970.0,530.0,249.0,3.7158871825626845e-14,22.736141323574007,131970,131970.0,5735.499232053757
132219.0,531.0,249.0,0.0022291829743424337,25.626232928284207,132219,132219.0,5745.215839385986
132468.0,532.0,249.0,1.216794957232507e-05,24.71805787071169,132468,132468.0,5755.289448022842
132717.0,533.0,249.0,9.937131343913175e-25,24.68030530290135,132717,132717.0,5765.378466129303
132966.0,534.0,249.0,3.871385482684179e-49,25.975507482614336,132966,132966.0,5774.964421033859
133215.0,535.0,249.0,1.1156880356402271e-08,23.30306825167496,133215,133215.0,5785.64971113205
133464.0,536.0,249.0,4.302650715399799e-26,27.823132249602807,133464,133464.0,5794.599100351334
133713.0,537.0,249.0,3.511414997301648e-46,23.43893635995063,133713,133713.0,5805.222450733185
133962.0,538.0,249.0,17.54647074814766,27.1795439690179,133962,133962.0,5814.383753538132
134211.0,539.0,249.0,4.857567903338778e-16,21.6913406044214,134211,134211.0,5825.8629903793335
134460.0,540.0,249.0,2.625947243413084e-48,30.35116559498496,134460,134460.0,5834.066959857941
134709.0,541.0,249.0,0.04902502241927965,21.96877396631941,134709,134709.0,5845.401230573654
134958.0,542.0,249.0,93.0721282912173,30.744102932495405,134958,134958.0,5853.500346183777
135207.0,543.0,249.0,23.37957432128077,22.052163698504053,135207,135207.0,5864.791757583618
135456.0,544.0,249.0,1.425984617176964e-20,31.247392581689923,135456,135456.0,5872.760423660278
135705.0,545.0,249.0,0.00010005994648332794,21.338678530340797,135705,135705.0,5884.429376602173
135954.0,546.0,249.0,6.428345670553378e-23,30.422913761063384,135954,135954.0,5892.613997936249
136203.0,547.0,249.0,1.8488416232660476e-38,21.152144876017783,136203,136203.0,5904.385855674744
136452.0,548.0,249.0,1.1197527535415827e-41,27.539551513022158,136452,136452.0,5913.427398443222
136701.0,549.0,249.0,1.472846653243741e-38,21.721374562822117,136701,136701.0,5924.890763044357
136950.0,550.0,249.0,0.002507274704828463,24.723157942131742,136950,136950.0,5934.962292909622
137199.0,551.0,249.0,6.143030740322215e-24,24.123126001702413,137199,137199.0,5945.284339666367
137448.0,552.0,249.0,2.3383391080691463e-12,21.555002668623796,137448,137448.0,5956.836184501648
137697.0,553.0,249.0,5.293921165720862e-22,27.574282058747187,137697,137697.0,5965.866339683533
137946.0,554.0,249.0,1.2591822738739358e-11,21.99662129850707,137946,137946.0,5977.186260938644
138195.0,555.0,249.0,1.2949430948765503e-16,28.616872654767274,138195,138195.0,5985.887422800064
138444.0,556.0,249.0,3.4227006698009173e-43,21.585087378043617,138444,138444.0,5997.423166275024
138693.0,557.0,249.0,4.214073401119159e-16,30.187829050646666,138693,138693.0,6005.671525478363
138942.0,558.0,249.0,0.0014548220210418962,21.284143465222407,138942,138942.0,6017.370377063751
139191.0,559.0,249.0,1.1993078882699177e-07,28.49696700078518,139191,139191.0,6026.108150243759
139440.0,560.0,249.0,6.001838679029799e-51,21.236252488095065,139440,139440.0,6037.833384513855
139689.0,561.0,249.0,0.0001601920224977485,27.403804204836373,139689,139689.0,6046.919716119766
139938.0,562.0,249.0,2.403266819104043e-05,21.52458025869149,139938,139938.0,6058.487887144089
140187.0,563.0,249.0,5.816866814064673e-10,5.279133335108576,140187,140187.0,6105.654721021652
140436.0,564.0,249.0,1.141976814328719e-17,28.472728310694926,140436,140436.0,6114.399932861328
140685.0,565.0,249.0,2.068357288965763e-36,21.12609727815889,140685,140685.0,6126.186304330826
140934.0,566.0,249.0,7.130398552095894e-05,28.276679869721388,140934,140934.0,6134.992148637772
141183.0,567.0,249.0,9.135414506107591e-07,21.054628707594283,141183,141183.0,6146.818528175354
141432.0,568.0,249.0,3.313642005165496e-11,29.628630382911368,141432,141432.0,6155.222562551498
141681.0,569.0,249.0,1.7943525315937186e-11,21.32105079917166,141681,141681.0,6166.901163578033
141930.0,570.0,249.0,3.600502967033252e-14,26.9050057094278,141930,141930.0,6176.15594792366
142179.0,571.0,249.0,7.225946393674638e-42,22.453309959466594,142179,142179.0,6187.245628595352
142428.0,572.0,249.0,1.0076963931890334e-45,25.25158080229189,142428,142428.0,6197.106398820877
142677.0,573.0,249.0,1.961917324926454e-15,22.79646988163352,142677,142677.0,6208.029144287109
142926.0,574.0,249.0,0.1712163598025578,23.072335358693067,142926,142926.0,6218.821291923523
143175.0,575.0,249.0,0.5653263476795253,25.129802396261532,143175,143175.0,6228.729846715927
143424.0,576.0,249.0,4.27979884552791e-22,22.63763002315629,143424,143424.0,6239.729232549667
143673.0,577.0,249.0,0.000451015214476553,28.965750810744606,143673,143673.0,6248.325593709946
143922.0,578.0,249.0,4.1518542987835714e-16,21.505819120742114,143922,143922.0,6259.903856515884
144171.0,579.0,249.0,1.6517438826831767e-06,29.488044412867755,144171,144171.0,6268.347958564758
144420.0,580.0,249.0,2.025490195977661e-13,21.39158632289269,144420,144420.0,6279.988050222397
144669.0,581.0,249.0,2.366196157448824e-44,30.29598823204755,144669,144669.0,6288.206961393356
144918.0,582.0,249.0,6.682285772957612e-10,21.830336392692747,144918,144918.0,6299.61310839653
145167.0,583.0,249.0,1.3949233478521202e-07,29.498527152042687,145167,145167.0,6308.054209470749
145416.0,584.0,249.0,3.012318331219376e-47,22.31065621032507,145416,145416.0,6319.2147970199585
145665.0,585.0,249.0,1.796620895622079e-35,29.917165068043982,145665,145665.0,6327.537779808044
145914.0,586.0,249.0,4.752844213449016e-38,22.226049740106653,145914,145914.0,6338.740851640701
146163.0,587.0,249.0,4.394533762486856e-08,28.939089353692136,146163,146163.0,6347.345132350922
146412.0,588.0,249.0,7.305776369823808e-25,22.02553564388429,146412,146412.0,6358.650193691254
146661.0,589.0,249.0,1.4687198521301842e-44,28.64153579242761,146661,146661.0,6367.343863487244
146910.0,590.0,249.0,3.7255492007030827e-23,23.016334104120766,146910,146910.0,6378.162268638611
147159.0,591.0,249.0,1.1832209540192808e-17,27.06414836450926,147159,147159.0,6387.362633705139
147408.0,592.0,249.0,4.307536134990451e-46,23.229657773144716,147408,147408.0,6398.081691026688
147657.0,593.0,249.0,0.08910165547236991,26.38773043020764,147657,147657.0,6407.5178961753845
147906.0,594.0,249.0,1.3952341235206063e-24,24.015518840877245,147906,147906.0,6417.886193037033
148155.0,595.0,249.0,0.06015774102148897,24.126330303751757,148155,148155.0,6428.206868886948
148404.0,596.0,249.0,13.783701520014006,26.136308593630737,148404,148404.0,6437.733847141266
148653.0,597.0,249.0,2.0750964780412924e-20,23.090717932496407,148653,148653.0,6448.51740193367
148902.0,598.0,249.0,2.8770431822725294e-22,28.56851364724363,148902,148902.0,6457.233293056488
149151.0,599.0,249.0,2.1416018551142534e-33,22.541360549488747,149151,149151.0,6468.279655456543
149400.0,600.0,249.0,1.0314687203046996e-06,29.66811231651056,149400,149400.0,6476.672506093979
149649.0,601.0,249.0,1.1354030685283806e-12,21.450523984032678,149649,149649.0,6488.280615568161
149898.0,602.0,249.0,2.2990080859604454e-60,30.41645634850391,149898,149898.0,6496.466975450516
150147.0,603.0,249.0,6.725597927114212e-06,4.997626688659417,150147,150147.0,6546.290626049042
150396.0,604.0,249.0,1.2577122450384295e-63,21.18026039765399,150396,150396.0,6558.046857357025
150645.0,605.0,249.0,9.902003819503962e-08,28.123593132585057,150645,150645.0,6566.900635242462
150894.0,606.0,249.0,1.1678724755756988e-15,22.13992802701356,150894,150894.0,6578.147285223007
151143.0,607.0,249.0,1.61591907641098e-09,30.089790557385108,151143,151143.0,6586.422518253326
151392.0,608.0,249.0,4.167899027101664e-30,21.852142016136888,151392,151392.0,6597.81728386879
151641.0,609.0,249.0,8.106348650546183e-14,25.095627598965226,151641,151641.0,6607.739332437515
151890.0,610.0,249.0,6.024108545984818e-13,24.163318204619184,151890,151890.0,6618.04421043396
152139.0,611.0,249.0,0.0006536079415159172,24.624368550357776,152139,152139.0,6628.156146287918
152388.0,612.0,249.0,4.629540829442907e-49,24.037318798617502,152388,152388.0,6638.515039920807
152637.0,613.0,249.0,7.949964323796172e-50,22.46036288315682,152637,152637.0,6649.601238012314
152886.0,614.0,249.0,5.573119396457974e-50,25.907185904656263,152886,152886.0,6659.212472677231
153135.0,615.0,249.0,1.6076790087002763e-13,20.953016550966296,153135,153135.0,6671.096204519272
153384.0,616.0,249.0,10.95959958577394,28.043929958976843,153384,153384.0,6679.975133657455
153633.0,617.0,249.0,4.343558299538949e-58,21.001608388628583,153633,153633.0,6691.831369876862
153882.0,618.0,249.0,0.06874895430261437,27.63325090838893,153882,153882.0,6700.842255115509
154131.0,619.0,249.0,5.5393113108077705e-46,21.178036474474037,154131,154131.0,6712.599737882614
154380.0,620.0,249.0,24.63143850995734,22.92911481746906,154380,154380.0,6723.459295749664
154629.0,621.0,249.0,1.855804929683187e-14,23.351387957354753,154629,154629.0,6734.12247633934
154878.0,622.0,249.0,0.111150311130264,21.390876975170478,154878,154878.0,6745.762954235077
155127.0,623.0,249.0,1.1979233314208131e-05,27.446835960862924,155127,155127.0,6754.835040092468
155376.0,624.0,249.0,1.9897850594741102e-25,20.429876389256922,155376,155376.0,6767.023073196411
155625.0,625.0,249.0,1.342479636941495e-46,29.349621778363083,155625,155625.0,6775.507000207901
155874.0,626.0,249.0,0.0010215703495739038,21.31029724100679,155874,155874.0,6787.191494226456
156123.0,627.0,249.0,2.8000645865726166e-24,27.234519372586412,156123,156123.0,6796.334304571152
156372.0,628.0,249.0,1.6606893958833374e-35,21.508333894357012,156372,156372.0,6807.9112141132355
156621.0,629.0,249.0,5.636764423204502e-17,26.14082119960639,156621,156621.0,6817.436547279358
156870.0,630.0,249.0,7.4605797188018e-26,23.582834475610206,156870,156870.0,6827.995075464249
157119.0,631.0,249.0,0.0007803683573347601,24.67234965915227,157119,157119.0,6838.08734703064
157368.0,632.0,249.0,1.4267662114611114e-06,24.98439813733311,157368,157368.0,6848.053567409515
157617.0,633.0,249.0,1.2599406850910264e-11,23.304914243263074,157617,157617.0,6858.738010883331
157866.0,634.0,249.0,1.160893490689541e-05,26.68550772163451,157866,157866.0,6868.0689198970795
158115.0,635.0,249.0,2.942901845666057e-45,21.58583955681866,158115,158115.0,6879.604261636734
158364.0,636.0,249.0,0.6601304193378891,29.105719349007018,158364,158364.0,6888.159282684326
158613.0,637.0,249.0,3.1140227786172753e-05,21.504719147543263,158613,158613.0,6899.738137960434
158862.0,638.0,249.0,2.2606193427449474e-54,29.520152478612708,158862,158862.0,6908.173055410385
159111.0,639.0,249.0,5.5576117890334005e-40,21.36671673325572,159111,159111.0,6919.826696157455
159360.0,640.0,249.0,9.718342568715186e-29,27.481974335006928,159360,159360.0,6928.887181997299
159609.0,641.0,249.0,3.410392658872561e-32,21.995179172028315,159609,159609.0,6940.207846403122
159858.0,642.0,249.0,4.0669916938245296e-05,25.328467550169687,159858,159858.0,6950.038683652878
160107.0,643.0,249.0,2.9330215925481444e-08,5.186301949894509,160107,160107.0,6998.049772977829
160356.0,644.0,249.0,4.4086701820473924e-14,21.35395213089556,160356,160356.0,7009.710379362106
160605.0,645.0,249.0,2.444524859739937e-13,27.072863934595958,160605,160605.0,7018.907781839371
160854.0,646.0,249.0,0.004035094444374088,21.615274973717234,160854,160854.0,7030.427415132523
161103.0,647.0,249.0,1.5470982733164681e-16,24.92364365714727,161103,161103.0,7040.417929887772
161352.0,648.0,249.0,1.201909762932009e-07,24.012989314331378,161352,161352.0,7050.787319898605
161601.0,649.0,249.0,2.281697582919405e-13,21.508690917639566,161601,161601.0,7062.364037275314
161850.0,650.0,249.0,5.565690503519636e-20,28.319762513316135,161850,161850.0,7071.1564848423
162099.0,651.0,249.0,4.023467340560415e-27,21.44179144503105,162099,162099.0,7082.769321680069
162348.0,652.0,249.0,1.267552223301915e-10,28.779877585825282,162348,162348.0,7091.421201705933
162597.0,653.0,249.0,1.5131546318439229e-27,21.67078937627993,162597,162597.0,7102.911325216293
162846.0,654.0,249.0,1.210029450285278e-37,29.35195695742804,162846,162846.0,7111.394576787949
163095.0,655.0,249.0,5.361735729484871e-53,21.476137205968506,163095,163095.0,7122.988842010498
163344.0,656.0,249.0,1.278353280139454e-35,27.44387672206841,163344,163344.0,7132.061905384064
163593.0,657.0,249.0,1.3063017620809004e-21,22.03938995908397,163593,163593.0,7143.359860420227
163842.0,658.0,249.0,0.00955708501295942,26.04036616727663,163842,163842.0,7152.921939134598
164091.0,659.0,249.0,1.7013112668120767e-43,23.86820788576993,164091,164091.0,7163.354228258133
164340.0,660.0,249.0,8.346409271428336e-20,22.991034462126176,164340,164340.0,7174.184538602829
164589.0,661.0,249.0,2.5511613182846783e-30,25.664348086611174,164589,164589.0,7183.8867156505585
164838.0,662.0,249.0,6.520224831184163e-53,22.97710473110046,164838,164838.0,7194.723591327667
165087.0,663.0,249.0,4.252131243872617e-41,25.76434462551261,165087,165087.0,7204.388111829758
165336.0,664.0,249.0,1.6318371447984466e-18,20.930898086344474,165336,165336.0,7216.284401893616
165585.0,665.0,249.0,8.633983841837783e-43,28.491368060856708,165585,165585.0,7225.023892402649
165834.0,666.0,249.0,0.00020718628363007555,20.765096180326427,165834,165834.0,7237.01517033577
166083.0,667.0,249.0,5.8379072114449205e-33,28.00759994341529,166083,166083.0,7245.90561580658
166332.0,668.0,249.0,6.830683000621673e-30,21.78130473511632,166332,166332.0,7257.33743929863
166581.0,669.0,249.0,2.081778234592117e-28,25.81457601930185,166581,166581.0,7266.983154058456
166830.0,670.0,249.0,1.0908801059285251e-33,22.579495171667382,166830,166830.0,7278.010860204697
167079.0,671.0,249.0,1.5434792926212474e-34,23.657527234948372,167079,167079.0,7288.536061525345
167328.0,672.0,249.0,0.0011262658309376037,25.01715578410899,167328,167328.0,7298.4892320632935
167577.0,673.0,249.0,3.0506708077571945e-25,21.95978437822022,167577,167577.0,7309.828143358231
167826.0,674.0,249.0,2.0620496787048226e-33,28.16500472966785,167826,167826.0,7318.668902873993
168075.0,675.0,249.0,0.00939097659917455,20.57599038120606,168075,168075.0,7330.770387649536
168324.0,676.0,249.0,2.276544051743364e-09,29.12732313228853,168324,168324.0,7339.319062948227
168573.0,677.0,249.0,39.27532813409963,21.057316726204093,168573,168573.0,7351.143933296204
168822.0,678.0,249.0,1.1235894069940618e-47,27.74973709160919,168822,168822.0,7360.116992473602
169071.0,679.0,249.0,15.712806877488989,22.74827740420442,169071,169071.0,7371.062877893448
169320.0,680.0,249.0,8.990613654350523e-06,26.357440054133136,169320,169320.0,7380.5099267959595
169569.0,681.0,249.0,0.0012939884198870165,23.86953184385972,169569,169569.0,7390.941636800766
169818.0,682.0,249.0,2.9556100097379344e-15,24.54069906830416,169818,169818.0,7401.088048458099
170067.0,683.0,249.0,27.21036448757967,5.1098064795673634,170067,170067.0,7449.8178794384
170316.0,684.0,249.0,7.740539565173007e-07,23.49330715821717,170316,170316.0,7460.4166440963745
170565.0,685.0,249.0,1.5970132015237895e-34,24.27378351268489,170565,170565.0,7470.674626350403
170814.0,686.0,249.0,1.4531946868022807e-19,25.037157144477046,170814,170814.0,7480.619846343994
171063.0,687.0,249.0,0.005008077283664166,23.259417155648585,171063,171063.0,7491.3251893520355
171312.0,688.0,249.0,1.595075497300758e-27,27.412724835069962,171312,171312.0,7500.408563613892
171561.0,689.0,249.0,1.7689765403584554,21.559384232221344,171561,171561.0,7511.958060026169
171810.0,690.0,249.0,3.990323855502627e-37,27.84130126828627,171810,171810.0,7520.901609182358
172059.0,691.0,249.0,4.499401184706634e-31,21.303777651896617,172059,172059.0,7532.589678525925
172308.0,692.0,249.0,5.846166238785779e-32,29.372123740480085,172308,172308.0,7541.0671055316925
172557.0,693.0,249.0,1.3686825029585138e-19,22.147963800041353,172557,172557.0,7552.309675216675
172806.0,694.0,249.0,0.0016571560231758722,29.119649282195315,172806,172806.0,7560.860604763031
173055.0,695.0,249.0,0.007075908434303939,21.685050474479876,173055,173055.0,7572.343170881271
173304.0,696.0,249.0,1.6351663647835067e-12,26.888625536166376,173304,173304.0,7581.603593349457
173553.0,697.0,249.0,6.847624468860059,22.152734027034615,173553,173553.0,7592.843742609024
173802.0,698.0,249.0,6.242116546212251e-46,23.276011013731058,173802,173802.0,7603.54145359993
174051.0,699.0,249.0,5.524676404020481e-54,26.68492747610202,174051,174051.0,7612.87256526947
174300.0,700.0,249.0,3.815134689240317e-38,23.036795043023027,174300,174300.0,7623.681362867355
174549.0,701.0,249.0,0.03988759514305589,27.08907382846132,174549,174549.0,7632.873261451721
174798.0,702.0,249.0,2.294243222567751e-13,22.39210720561437,174798,174798.0,7643.993252515793
175047.0,703.0,249.0,1.4520598900477335,28.23274658076091,175047,175047.0,7652.812813997269
175296.0,704.0,249.0,7.013383557964205e-16,20.99077207860824,175296,175296.0,7664.6751708984375
175545.0,705.0,249.0,8.626447168280032e-31,29.934987600008014,175545,175545.0,7672.993198156357
175794.0,706.0,249.0,0.1638682388146605,21.64401026438133,175794,175794.0,7684.4975373744965
176043.0,707.0,249.0,7.05797388720466e-05,29.35312014886149,176043,176043.0,7692.980453252792
176292.0,708.0,249.0,0.9787522160251996,21.79856226736739,176292,176292.0,7704.403227090836
176541.0,709.0,249.0,0.007109912958386653,28.374676510385044,176541,176541.0,7713.17865896225
176790.0,710.0,249.0,0.000313235970062016,22.76390509037651,176790,176790.0,7724.117029666901
177039.0,711.0,249.0,0.007038078934998842,25.389524060848895,177039,177039.0,7733.92422580719
177288.0,712.0,249.0,1.8850900771132707e-19,23.723602197283835,177288,177288.0,7744.420104503632
177537.0,713.0,249.0,6.627024753389654e-31,24.519763677362242,177537,177537.0,7754.575179338455
177786.0,714.0,249.0,21.920967133441412,24.77484412556777,177786,177786.0,7764.625698566437
178035.0,715.0,249.0,0.026728820266809068,23.651569586791414,178035,178035.0,7775.153542280197
178284.0,716.0,249.0,0.0007379520293321684,26.869904263868523,178284,178284.0,7784.420417308807
178533.0,717.0,249.0,1.5791091962833666e-67,22.122042567970183,178533,178533.0,7795.676160335541
178782.0,718.0,249.0,3.256153727376865e-37,27.71827872841999,178782,178782.0,7804.6594042778015
179031.0,719.0,249.0,4.16773814009393e-35,21.27544442297759,179031,179031.0,7816.363039016724
179280.0,720.0,249.0,18.584451413941746,30.1646833415245,179280,179280.0,7824.617726564407
179529.0,721.0,249.0,5.6626850498726226e-30,21.346106884430206,179529,179529.0,7836.2826182842255
179778.0,722.0,249.0,4.233290213188101e-14,28.255510259251285,179778,179778.0,7845.095060110092
180027.0,723.0,249.0,1.0051433503252699e-22,4.930462365988413,180027,180027.0,7895.597424983978
180276.0,724.0,249.0,21.29480378626785,21.52736965272842,180276,180276.0,7907.164097547531
180525.0,725.0,249.0,0.00011884286356112327,27.07052155161286,180525,180525.0,7916.36229634285
180774.0,726.0,249.0,0.02383132731261579,22.061820018402212,180774,180774.0,7927.648764848709
181023.0,727.0,249.0,5.8296383866275015e-05,25.91039960297149,181023,181023.0,7937.258806228638
181272.0,728.0,249.0,2.790615196013258e-24,24.434141569976322,181272,181272.0,7947.449466943741
181521.0,729.0,249.0,0.8068064013898713,24.64494332425005,181521,181521.0,7957.552961111069
181770.0,730.0,249.0,2.1782715153999595e-15,25.290475574127953,181770,181770.0,7967.398566484451
182019.0,731.0,249.0,1.451994445245702e-16,24.088355903531223,182019,182019.0,7977.735512495041
182268.0,732.0,249.0,7.858673533119306e-10,25.258403046481863,182268,182268.0,7987.5936191082
182517.0,733.0,249.0,2.8096042978236935e-11,22.51742535161563,182517,182517.0,7998.651723623276
182766.0,734.0,249.0,4.906582713541336e-61,28.631864341801148,182766,182766.0,8007.348329305649
183015.0,735.0,249.0,1.8342926222219815e-07,22.048719953738257,183015,183015.0,8018.641503572464
183264.0,736.0,249.0,5.645408892520376e-38,30.118302810236283,183264,183264.0,8026.9089024066925
183513.0,737.0,249.0,3.361015954882884e-20,21.967130337449976,183513,183513.0,8038.24402141571
183762.0,738.0,249.0,0.09637975117806785,30.173062650447235,183762,183762.0,8046.496417045593
184011.0,739.0,249.0,2.7568575623838304e-15,20.942095094819784,184011,184011.0,8058.386346817017
184260.0,740.0,249.0,1.7214150051123286e-26,29.646630777642425,184260,184260.0,8066.785279035568
184509.0,741.0,249.0,0.07387124132026933,21.70902708928312,184509,184509.0,8078.255163669586
184758.0,742.0,249.0,4.8683218322711895e-27,25.204709704663873,184758,184758.0,8088.1342713832855
185007.0,743.0,249.0,34.64404414819865,22.36216560171874,185007,185007.0,8099.269151687622
185256.0,744.0,249.0,0.13245357347994072,21.819160654993265,185256,185256.0,8110.681141138077
185505.0,745.0,249.0,3.889521385556443e-10,24.434683512076113,185505,185505.0,8120.87157535553
185754.0,746.0,249.0,5.590245635037578e-17,19.85445796094641,185754,185754.0,8133.412841796875
186003.0,747.0,249.0,1.4284892778983446e-28,28.259913392292166,186003,186003.0,8142.223911523819
186252.0,748.0,249.0,1.9734914282736114e-45,21.180793899435056,186252,186252.0,8153.979845523834
186501.0,749.0,249.0,2.8064033477562457e-39,28.54952779281274,186501,186501.0,8162.70153260231
186750.0,750.0,249.0,2.206744044887839e-19,21.426243398348745,186750,186750.0,8174.322797298431
186999.0,751.0,249.0,8.634014507023431e-21,26.573737766044825,186999,186999.0,8183.6929523944855
187248.0,752.0,249.0,40.016802125921586,22.536743444350176,187248,187248.0,8194.741577625275
187497.0,753.0,249.0,1.7956585219349944e-17,23.564096820442767,187497,187497.0,8205.308502674103
187746.0,754.0,249.0,8.442403768315107e-11,24.305819674839963,187746,187746.0,8215.552963972092
187995.0,755.0,249.0,4.286912635583122e-41,22.629488074479795,187995,187995.0,8226.556307792664
188244.0,756.0,249.0,4.458467750627593,26.09425312473789,188244,188244.0,8236.098640203476
188493.0,757.0,249.0,2.0200592134204028e-20,20.514672254884854,188493,188493.0,8248.236296415329
188742.0,758.0,249.0,4.998552940665597e-24,28.804056776648206,188742,188742.0,8256.880913496017
188991.0,759.0,249.0,1.0156279152965846e-36,20.90364862328327,188991,188991.0,8268.792711496353
189240.0,760.0,249.0,3.2046298869276267e-13,28.820599661111935,189240,189240.0,8277.432366371155
189489.0,761.0,249.0,11.057184133503734,20.665394547267667,189489,189489.0,8289.481496810913
189738.0,762.0,249.0,2.004436661194372e-20,25.911836383982035,189738,189738.0,8299.09100651741
189987.0,763.0,249.0,0.43275932706405,22.344533238396643,189987,189987.0,8310.23467373848
190236.0,764.0,249.0,4.604965740819244e-08,5.1074320057163165,190236,190236.0,8358.987159490585
190485.0,765.0,249.0,15.79951986784878,26.847508594168193,190485,190485.0,8368.261764526367
190734.0,766.0,249.0,0.04219001875643035,21.666896865920968,190734,190734.0,8379.753951311111
190983.0,767.0,249.0,0.0015508576585708158,25.228010742528397,190983,190983.0,8389.623934268951
191232.0,768.0,249.0,4.841125487543661e-13,23.550659079361,191232,191232.0,8400.19688796997
191481.0,769.0,249.0,5.254949340756184e-19,23.626239194663217,191481,191481.0,8410.736019134521
191730.0,770.0,249.0,2.652750408671834e-19,25.128415358331253,191730,191730.0,8420.645121574402
191979.0,771.0,249.0,3.2777989774313407e-26,22.915521952945735,191979,191979.0,8431.511120319366
192228.0,772.0,249.0,3.0453292948657406e-30,27.01842044917385,192228,192228.0,8440.727056980133
192477.0,773.0,249.0,4.123807767348619e-37,21.108585932388685,192477,192477.0,8452.523206233978
192726.0,774.0,249.0,3.396254028857702e-27,28.47661472447288,192726,192726.0,8461.267223834991
192975.0,775.0,249.0,3.2481340847427586e-36,21.14981891922126,192975,192975.0,8473.040375709534
193224.0,776.0,249.0,28.08847223685302,29.045597771047817,193224,193224.0,8481.61310505867
193473.0,777.0,249.0,6.802901642731605e-28,21.58643874978349,193473,193473.0,8493.148126363754
193722.0,778.0,249.0,16.569765051119784,28.164960675427228,193722,193722.0,8501.988899469376
193971.0,779.0,249.0,1.538412698690229e-26,21.64794615760462,193971,193971.0,8513.491146564484
194220.0,780.0,249.0,2.2140008863706755,24.259293372283917,194220,194220.0,8523.755255699158
194469.0,781.0,249.0,0.0002812984840338243,23.801900538947923,194469,194469.0,8534.216606616974
194718.0,782.0,249.0,1.4483277824376394e-12,23.29494676373451,194718,194718.0,8544.905621767044
194967.0,783.0,249.0,3.0454770340433156e-14,25.688182987680523,194967,194967.0,8554.598796606064
195216.0,784.0,249.0,2.5887063469889475,22.128369847054774,195216,195216.0,8565.851321697235
195465.0,785.0,249.0,0.017806697327199233,26.460855907143774,195465,195465.0,8575.261449813843
195714.0,786.0,249.0,1.397364258075403e-23,21.51216786326936,195714,195714.0,8586.836295843124
195963.0,787.0,249.0,20.700330777134365,28.106605994374327,195963,195963.0,8595.69542479515
196212.0,788.0,249.0,0.0006308676642464275,20.73655072923491,196212,196212.0,8607.703209161758
196461.0,789.0,249.0,2.918146450068948e-48,29.27313224809319,196461,196461.0,8616.209308385849
196710.0,790.0,249.0,0.0011567379868025409,20.83422164265915,196710,196710.0,8628.160817623138
196959.0,791.0,249.0,2.939762329991885e-18,26.344203391711673,196959,196959.0,8637.612613677979
197208.0,792.0,249.0,5.226922595401268e-11,22.587764345709413,197208,197208.0,8648.636282920837
197457.0,793.0,249.0,6.639741478334604e-06,24.384255722573098,197457,197457.0,8658.847791433334
197706.0,794.0,249.0,1.577659500153177e-07,24.09741210393338,197706,197706.0,8669.180852651596
197955.0,795.0,249.0,3.6920042377405657,22.653510886120277,197955,197955.0,8680.172528028488
198204.0,796.0,249.0,7.574500311377571e-23,26.94546412350073,198204,198204.0,8689.41341638565
198453.0,797.0,249.0,4.53131977385569e-19,22.16472880000657,198453,198453.0,8700.64748263359
198702.0,798.0,249.0,0.0009777276172092649,27.67777700834824,198702,198702.0,8709.643871545792
198951.0,799.0,249.0,0.07817010343698322,21.561267868537794,198951,198951.0,8721.19235920906
199200.0,800.0,249.0,1.4839154050362325e-31,29.10380031121325,199200,199200.0,8729.747944116592
199449.0,801.0,249.0,4.0326098421844125e-14,20.952556674007813,199449,199449.0,8741.631936788559
199698.0,802.0,249.0,9.957574228532304e-10,30.079612891292754,199698,199698.0,8749.909970521927
199947.0,803.0,249.0,0.051169378178322435,21.509260141802137,199947,199947.0,8761.486381053925
200196.0,804.0,249.0,37.07636036987702,5.116853992500199,200196,200196.0,8810.149096250534
200445.0,805.0,249.0,0.018288668304772923,28.98221297893086,200445,200445.0,8818.740574121475
200694.0,806.0,249.0,1.1114584676721212e-17,21.152542867207764,200694,200694.0,8830.512209653854
200943.0,807.0,249.0,5.234943659490227e-53,29.695280986285027,200943,200943.0,8838.89738202095
201192.0,808.0,249.0,0.3225440552541769,20.95169288292182,201192,201192.0,8850.781864881516
201441.0,809.0,249.0,2.209433471888836e-20,29.82837235166451,201441,201441.0,8859.12962269783
201690.0,810.0,249.0,1.7604351976910282e-18,21.933075268665455,201690,201690.0,8870.482341766357
201939.0,811.0,249.0,163.13519507716973,26.372118374504634,201939,201939.0,8879.924132585526
202188.0,812.0,249.0,2.5757663997062342e-17,22.826701492786217,202188,202188.0,8890.832412481308
202437.0,813.0,249.0,4.851807355399471e-12,25.88109643206824,202437,202437.0,8900.453335285187
202686.0,814.0,249.0,1.4427885633222784e-07,24.119153849042398,202686,202686.0,8910.777082681656
202935.0,815.0,249.0,2.483483206474624,23.33794341026066,202935,202935.0,8921.44640469551
203184.0,816.0,249.0,3.4502845996965154e-18,24.995352683212218,203184,203184.0,8931.408257722855
203433.0,817.0,249.0,2.034241237677278e-09,22.90618614067667,203433,203433.0,8942.278684854507
203682.0,818.0,249.0,3.988085623553339e-13,26.436962194000532,203682,203682.0,8951.697317361832
203931.0,819.0,249.0,1.4904790164471547e-13,21.449689573764772,203931,203931.0,8963.30587887764
204180.0,820.0,249.0,1.0317109543291616e-13,28.527071966509002,204180,204180.0,8972.034431219101
204429.0,821.0,249.0,1.0567792719454318e-23,21.49479436721964,204429,204429.0,8983.618633031845
204678.0,822.0,249.0,2.1242706556564122e-05,28.992497657226885,204678,204678.0,8992.207062721252
204927.0,823.0,249.0,9.230148145393095e-31,21.60766215666744,204927,204927.0,9003.73075413704
205176.0,824.0,249.0,0.004629171309046398,27.76530483576989,205176,205176.0,9012.698782444
205425.0,825.0,249.0,7.743591251796385e-08,22.609083672459295,205425,205425.0,9023.71205663681
205674.0,826.0,249.0,73.36868912466049,27.094256041575,205674,205674.0,9032.902198076248
205923.0,827.0,249.0,2.746686943578477e-30,23.025533524234312,205923,205923.0,9043.716281175613
206172.0,828.0,249.0,1.771452451868259e-21,25.11092003224372,206172,206172.0,9053.63228726387
206421.0,829.0,249.0,1.1970507301176495e-09,24.579559455216664,206421,206421.0,9063.762657165527
206670.0,830.0,249.0,0.00011583674532281408,23.31514529626336,206670,206670.0,9074.442412376404
206919.0,831.0,249.0,8.328044950744518e-05,26.853266439313256,206919,206919.0,9083.715028524399
207168.0,832.0,249.0,9.544560254918157e-49,22.062857472773683,207168,207168.0,9095.000966310501
207417.0,833.0,249.0,2.0536458295227717,28.681354263692324,207417,207417.0,9103.682566642761
207666.0,834.0,249.0,1.4564031245651636e-63,21.49584775436904,207666,207666.0,9115.266200780869
207915.0,835.0,249.0,0.38358730158393933,29.65984177316026,207915,207915.0,9123.661391973495
208164.0,836.0,249.0,5.895960135650742e-37,21.222772051484696,208164,208164.0,9135.394073486328
208413.0,837.0,249.0,3.7182728458588885e-49,30.052279797728843,208413,208413.0,9143.679636716843
208662.0,838.0,249.0,3.3004130108233643e-15,21.635036147964698,208662,208662.0,9155.188748121262
208911.0,839.0,249.0,12.052598302613339,28.81214779401127,208911,208911.0,9163.83093714714
209160.0,840.0,249.0,4.166963762743631e-10,21.808593371190685,209160,209160.0,9175.2484562397
209409.0,841.0,249.0,1.0982388102491024e-13,27.324546818346896,209409,209409.0,9184.36114358902
209658.0,842.0,249.0,0.0010325713684746173,22.279462225281993,209658,209658.0,9195.537357330322
209907.0,843.0,249.0,9.286735387863422e-57,24.819061639566822,209907,209907.0,9205.569969892502
210156.0,844.0,249.0,8.449750511130027e-11,5.126190482770002,210156,210156.0,9254.144053936005
210405.0,845.0,249.0,1.1885553935989282e-56,22.94799182875453,210405,210405.0,9264.994678497314
210654.0,846.0,249.0,1.1560642050565461e-06,26.85190700345952,210654,210654.0,9274.267764568329
210903.0,847.0,249.0,3.444448870659108e-49,23.117808949343132,210903,210903.0,9285.038682460785
211152.0,848.0,249.0,0.04202019235388709,24.77970132011878,211152,211152.0,9295.087230682373
211401.0,849.0,249.0,8.218593100092756e-39,23.354178995432484,211401,211401.0,9305.74913597107
211650.0,850.0,249.0,1.669938470080154e-19,21.755344531310655,211650,211650.0,9317.194600582123
211899.0,851.0,249.0,6.298765644693908e-22,26.971983716735284,211899,211899.0,9326.426403999329
212148.0,852.0,249.0,7.668987711604053e-37,21.035454687891846,212148,212148.0,9338.263563156128
212397.0,853.0,249.0,48.17790190463146,29.06706139633719,212397,212397.0,9346.829962730408
212646.0,854.0,249.0,2.9881605644226815e-27,21.57994800058815,212646,212646.0,9358.368453264236
212895.0,855.0,249.0,2.4178201565880284e-41,29.319839831812793,212895,212895.0,9366.860998153687
213144.0,856.0,249.0,1.8027910582122505e-32,20.534270339547305,213144,213144.0,9378.987070083618
213393.0,857.0,249.0,1.4799696340674015e-15,27.638803623202616,213393,213393.0,9387.99614405632
213642.0,858.0,249.0,1.2732584801785335e-06,22.7537395469909,213642,213642.0,9398.939401626587
213891.0,859.0,249.0,1.0724354115934666e-06,24.167426273942347,213891,213891.0,9409.242527484894
214140.0,860.0,249.0,0.0008237878435271592,24.656537572179005,214140,214140.0,9419.34126996994
214389.0,861.0,249.0,5.45659809964975e-22,22.761271701773122,214389,214389.0,9430.280906438828
214638.0,862.0,249.0,3.176897904271777,26.506084692079504,214638,214638.0,9439.67497754097
214887.0,863.0,249.0,1.0496355667749074e-28,20.295618442371044,214887,214887.0,9451.943637132645
215136.0,864.0,249.0,0.08044277168094853,29.182784336785293,215136,215136.0,9460.476066827774
215385.0,865.0,249.0,5.1669955805973615e-39,21.31014679079766,215385,215385.0,9472.160643100739
215634.0,866.0,249.0,3.287839621942767e-45,28.459271477296152,215634,215634.0,9480.909989833832
215883.0,867.0,249.0,4.350859439047285e-25,21.110801266783472,215883,215883.0,9492.70490193367
216132.0,868.0,249.0,1.8499718926239814e-57,25.65219203345474,216132,216132.0,9502.411676168442
216381.0,869.0,249.0,1.4979559473892513e-09,23.74885729929283,216381,216381.0,9512.896392583847
216630.0,870.0,249.0,2.7113391005730922e-37,22.862948799407075,216630,216630.0,9523.787377595901
216879.0,871.0,249.0,2.081177070226952e-31,25.90709143398909,216879,216879.0,9533.398647069931
217128.0,872.0,249.0,3.714856038462256e-26,21.597551931245622,217128,217128.0,9544.927732467651
217377.0,873.0,249.0,5.573986773112513e-30,27.403686999278317,217377,217377.0,9554.014102935791
217626.0,874.0,249.0,4.9010216797450515e-19,21.05281514977776,217626,217626.0,9565.841501235962
217875.0,875.0,249.0,1.2382617145374183e-20,28.794015680386337,217875,217875.0,9574.489133119583
218124.0,876.0,249.0,3.05288703693076e-28,20.828145404222276,218124,218124.0,9586.444112062454
218373.0,877.0,249.0,2.8669470719592567e-07,23.982920481079546,218373,218373.0,9596.826502084732
218622.0,878.0,249.0,1.49017269325573e-29,23.293551737180966,218622,218622.0,9607.516157150269
218871.0,879.0,249.0,3.1851531118258917e-27,23.299252396341327,218871,218871.0,9618.20319700241
219120.0,880.0,249.0,3.0320201934386996e-36,24.213203637562053,219120,219120.0,9628.486844301224
219369.0,881.0,249.0,1.7043168214817416e-20,22.1525474826139,219369,219369.0,9639.727088212967
219618.0,882.0,249.0,0.2070245987587675,26.034734194764763,219618,219618.0,9649.291236162186
219867.0,883.0,249.0,9.022001189837766e-21,21.11719856323698,219867,219867.0,9661.082576274872
220116.0,884.0,249.0,2.810685369832418e-22,5.109492466891472,220116,220116.0,9709.815402030945
220365.0,885.0,249.0,0.0014323323102487318,25.19989608118099,220365,220365.0,9719.696396827698
220614.0,886.0,249.0,4.2951163935436155e-29,20.46471342667841,220614,220614.0,9731.863683223724
220863.0,887.0,249.0,13.605832482215991,28.018122924559535,220863,220863.0,9740.75079035759
221112.0,888.0,249.0,7.267244527523116e-14,21.05968225778592,221112,221112.0,9752.574332475662
221361.0,889.0,249.0,1.250245212804486e-31,26.21459345106613,221361,221361.0,9762.072860240936
221610.0,890.0,249.0,1.0660067617306843,21.362122987153764,221610,221610.0,9773.729006052017
221859.0,891.0,249.0,1.0248356510973406e-46,23.034778913085656,221859,221859.0,9784.538748502731
222108.0,892.0,249.0,3.073870322010715e-29,23.845515612830447,222108,222108.0,9794.9809653759
222357.0,893.0,249.0,3.0573425930577995e-13,20.88706746273041,222357,222357.0,9806.902219772339
222606.0,894.0,249.0,2.2125626109048557e-07,28.296807062274198,222606,222606.0,9815.70180106163
222855.0,895.0,249.0,6.412026342433509e-28,20.9338516777341,222855,222855.0,9827.596412420273
223104.0,896.0,249.0,8.759651398639438,27.651292033500376,223104,223104.0,9836.601418018341
223353.0,897.0,249.0,6.95915942666288e-14,20.931864204976968,223353,223353.0,9848.497158288956
223602.0,898.0,249.0,2.5920002167778347e-45,25.611827751308816,223602,223602.0,9858.219230651855
223851.0,899.0,249.0,19.929061161431903,22.024743685294723,223851,223851.0,9869.524698734283
224100.0,900.0,249.0,5.664146973425921,23.954012444240405,224100,224100.0,9879.91961812973
224349.0,901.0,249.0,12.935516602852159,23.838016061635546,224349,224349.0,9890.365129947662
224598.0,902.0,249.0,5.042684503365774e-19,21.799542347699486,224598,224598.0,9901.78738951683
224847.0,903.0,249.0,1.0622389950222997e-12,26.804433947881865,224847,224847.0,9911.076899528503
225096.0,904.0,249.0,11.926133597225213,20.806387059172636,225096,225096.0,9923.044379472733
225345.0,905.0,249.0,4.1197099276155994e-24,26.819737772634127,225345,225345.0,9932.3285882473
225594.0,906.0,249.0,2.364021855869333e-11,20.824973241514144,225594,225594.0,9944.285388231277
225843.0,907.0,249.0,56.613819728326234,26.823681338943288,225843,225843.0,9953.568232536316
226092.0,908.0,249.0,45.63358005965995,21.54933468667618,226092,226092.0,9965.123114585876
226341.0,909.0,249.0,2.9855456491780926e-49,24.31575232961749,226341,226341.0,9975.363391637802
226590.0,910.0,249.0,3.1175794563250923e-46,23.35652304285277,226590,226590.0,9986.024226665497
226839.0,911.0,249.0,2.130983223269478e-25,22.79588870556983,226839,226839.0,9996.947250127792
227088.0,912.0,249.0,1.3727283484020687e-60,25.05137543312666,227088,227088.0,10006.886825799942
227337.0,913.0,249.0,0.0006670033761705582,21.51521155618664,227337,227337.0,10018.460034370422
227586.0,914.0,249.0,1.205575592057744e-09,26.716406918985093,227586,227586.0,10027.780151605606
227835.0,915.0,249.0,8.821851403885363,20.477204397727295,227835,227835.0,10039.940016031265
228084.0,916.0,249.0,1.4470803039236835,28.29102822244766,228084,228084.0,10048.741394758224
228333.0,917.0,249.0,3.577039223294675e-05,20.662597161066877,228333,228333.0,10060.792155742645
228582.0,918.0,249.0,3.538404726480028e-59,26.810558749897538,228582,228582.0,10070.079543590546
228831.0,919.0,249.0,228.12849009029696,21.369606154161577,228831,228831.0,10081.731608390808
229080.0,920.0,249.0,2.3530540581913466e-14,25.123917910321197,229080,229080.0,10091.642484664917
229329.0,921.0,249.0,5.429350164016789e-06,22.73717386692694,229329,229329.0,10102.593715190887
229578.0,922.0,249.0,8.388207323684009,23.163492454056236,229578,229578.0,10113.343391418457
229827.0,923.0,249.0,0.5237222312640193,24.956995289511596,229827,229827.0,10123.320555448532
230076.0,924.0,249.0,3.4829989745032576e-20,4.868519721892078,230076,230076.0,10174.46546626091
230325.0,925.0,249.0,5.694808166590302,21.108951993715227,230325,230325.0,10186.261410713196
230574.0,926.0,249.0,3.819805605007511e-19,27.851487951286884,230574,230574.0,10195.20168876648
230823.0,927.0,249.0,1.3460243132716594,19.93914627800407,230823,230823.0,10207.689687252045
231072.0,928.0,249.0,0.10461650760372138,28.920535282965286,231072,231072.0,10216.299488067627
231321.0,929.0,249.0,66.90059911154216,20.395190415795387,231321,231321.0,10228.508250713348
231570.0,930.0,249.0,1.4262059333765687e-07,27.351813922694415,231570,231570.0,10237.611853599548
231819.0,931.0,249.0,1.0700833765105194e-42,21.957314812169265,231819,231819.0,10248.952039718628
232068.0,932.0,249.0,0.21138287166383088,23.343821309259063,232068,232068.0,10259.61867570877
232317.0,933.0,249.0,8.131135728020751e-10,24.817312389093612,232317,232317.0,10269.651995897293
232566.0,934.0,249.0,1.7569536236884717e-32,22.78090281226929,232566,232566.0,10280.582304954529
232815.0,935.0,249.0,1.1870486377931555e-34,25.859887810590582,232815,232815.0,10290.211117744446
233064.0,936.0,249.0,0.3832508600757122,22.454427527839012,233064,233064.0,10301.300246477127
233313.0,937.0,249.0,2.0824323585704813e-13,27.72056164901905,233313,233313.0,10310.282749891281
233562.0,938.0,249.0,1.8593106380455973,21.250907559271976,233562,233562.0,10321.999898195267
233811.0,939.0,249.0,29.355200535274992,28.48707355925546,233811,233811.0,10330.740705490112
234060.0,940.0,249.0,28.310574804256667,21.204722986117506,234060,234060.0,10342.483373880386
234309.0,941.0,249.0,6.395780960764117,29.18128399676374,234309,234309.0,10351.016242265701
234558.0,942.0,249.0,0.09695657000373119,21.620842973847118,234558,234558.0,10362.532907962799
234807.0,943.0,249.0,1.7214297039293545e-21,28.08918305170547,234807,234807.0,10371.397531747818
235056.0,944.0,249.0,94.42035068920335,22.108188073105126,235056,235056.0,10382.660328865051
235305.0,945.0,249.0,47.35800789709338,26.852993712602263,235305,235305.0,10391.93303990364
235554.0,946.0,249.0,21.46286507603031,22.285175137681758,235554,235554.0,10403.106387853622
235803.0,947.0,249.0,0.01462239793330911,25.148286857309625,235803,235803.0,10413.007660388947
236052.0,948.0,249.0,0.0014043897504899393,24.573956410910295,236052,236052.0,10423.140340566635
236301.0,949.0,249.0,0.24958956048811518,23.418516038332054,236301,236301.0,10433.772953987122
236550.0,950.0,249.0,0.0012007006959470557,25.99662670183624,236550,236550.0,10443.351121425629
236799.0,951.0,249.0,1.2876435754402922e-14,22.561489312516862,236799,236799.0,10454.38762807846
237048.0,952.0,249.0,10.706084029737138,27.461744270461796,237048,237048.0,10463.454788446426
237297.0,953.0,249.0,5.323599488693949e-25,20.580279383962562,237297,237297.0,10475.553750991821
237546.0,954.0,249.0,8.76771004488112e-29,29.844518194044664,237546,237546.0,10483.89699268341
237795.0,955.0,249.0,3.5023073275204235e-19,21.25453004268747,237795,237795.0,10495.61214375496
238044.0,956.0,249.0,1.6235191431197326e-15,28.9931745472999,238044,238044.0,10504.20037317276
238293.0,957.0,249.0,1.5060421927484495e-21,21.15802544513921,238293,238293.0,10515.968958854675
238542.0,958.0,249.0,5.947988058453386e-14,27.02223738318318,238542,238542.0,10525.183593273163
238791.0,959.0,249.0,0.022453785814693816,22.511829555131595,238791,238791.0,10536.244446754456
239040.0,960.0,249.0,9.369968508904692e-29,24.416232712190695,239040,239040.0,10546.442581653595
239289.0,961.0,249.0,6.074017340612836e-33,23.546812149015246,239289,239289.0,10557.017262935638
239538.0,962.0,249.0,35.93519164496647,22.748643579641524,239538,239538.0,10567.962972402573
239787.0,963.0,249.0,0.0010472102542964494,25.20171792630048,239787,239787.0,10577.843252897263
240036.0,964.0,249.0,1.1023608981503733e-16,5.072086845594869,240036,240036.0,10626.935473918915
240285.0,965.0,249.0,5.53889942689585e-17,23.698417422172852,240285,240285.0,10637.442506551743
240534.0,966.0,249.0,2.9101699698423612e-05,24.241573416174553,240534,240534.0,10647.714118480682
240783.0,967.0,249.0,0.015546980700285188,21.487636193705917,240783,240783.0,10659.30217885971
241032.0,968.0,249.0,3.591495020586597e-15,26.699351090093483,241032,241032.0,10668.628249645233
241281.0,969.0,249.0,9.526457823875072,21.29842559988371,241281,241281.0,10680.319256305695
241530.0,970.0,249.0,7.748731574300969e-10,28.685216691990522,241530,241530.0,10688.999687194824
241779.0,971.0,249.0,1.455271979581403e-19,21.365708745753224,241779,241779.0,10700.65387749672
242028.0,972.0,249.0,0.19550628875837364,29.95253501143889,242028,242028.0,10708.967031240463
242277.0,973.0,249.0,5.83697846309449e-19,21.535259026960805,242277,242277.0,10720.529466629028
242526.0,974.0,249.0,4.2683372682697755e-27,26.08988823494541,242526,242526.0,10730.073395490646
242775.0,975.0,249.0,1.9503052892272407e-48,22.669556745745027,242775,242775.0,10741.057291030884
243024.0,976.0,249.0,8.195009403728512e-37,25.512955734807868,243024,243024.0,10750.817039966583
243273.0,977.0,249.0,5.809307344430212e-46,23.700927361557177,243273,243273.0,10761.322958946228
243522.0,978.0,249.0,7.450174780687182e-18,24.39022256281322,243522,243522.0,10771.531968832016
243771.0,979.0,249.0,7.637343668559018e-10,25.602109235014737,243771,243771.0,10781.257731437683
244020.0,980.0,249.0,66.07221045232691,21.21656148635385,244020,244020.0,10792.993848085403
244269.0,981.0,249.0,4.887013498573723e-49,27.127584350953768,244269,244269.0,10802.17269873619
244518.0,982.0,249.0,1.2144465410875936e-23,21.288557925236717,244518,244518.0,10813.869124174118
244767.0,983.0,249.0,6.887000957447021e-15,28.54595383258833,244767,244767.0,10822.591902971268
245016.0,984.0,249.0,0.38503174484990926,21.17949154944973,245016,245016.0,10834.34856081009
245265.0,985.0,249.0,1.7477112191306802e-64,28.55832994828429,245265,245265.0,10843.067559480667
245514.0,986.0,249.0,3.513208760987856e-27,22.07286557313187,245514,245514.0,10854.34837937355
245763.0,987.0,249.0,1.364481257212104e-22,25.762491370314503,245763,245763.0,10864.013595581055
246012.0,988.0,249.0,2.8268630975225e-20,22.88606879058396,246012,246012.0,10874.893578767776
246261.0,989.0,249.0,25.993182932274575,24.15591580049399,246261,246261.0,10885.201614379883
246510.0,990.0,249.0,4.4314082684986085e-39,25.033230518075428,246510,246510.0,10895.1483938694
246759.0,991.0,249.0,3.7936371757396665e-17,22.738113929222134,246759,246759.0,10906.099172115326
247008.0,992.0,249.0,7.140871924021741e-17,26.69675965340332,247008,247008.0,10915.42614865303
247257.0,993.0,249.0,9.171230347830069e-39,21.245224185593266,247257,247257.0,10927.146431207657
247506.0,994.0,249.0,1.2051602755890794e-14,28.53236535050128,247506,247506.0,10935.87336397171
247755.0,995.0,249.0,1.727415909894736e-05,21.01850479939323,247755,247755.0,10947.720069169998
248004.0,996.0,249.0,1.8847847749033064e-32,29.3119473987829,248004,248004.0,10956.214900493622
248253.0,997.0,249.0,1.103377440368087e-24,21.162615871607862,248253,248253.0,10967.980933904648
248502.0,998.0,249.0,4.949418983784949e-31,26.877310237176605,248502,248502.0,10977.245255947113
248751.0,999.0,249.0,6.691222520878152e-43,22.680340664513487,248751,248751.0,10988.223927974701
249000.0,1000.0,249.0,11.718775653001192,25.115516108252272,249000,249000.0,10998.13811969757
249249.0,1001.0,249.0,19.823504857415955,24.14947557213686,249249,249249.0,11008.448903560638
249498.0,1002.0,249.0,0.00028618061860744644,23.997215685970847,249498,249498.0,11018.825109481812
249747.0,1003.0,249.0,3.3638507724929805e-10,26.37616853727591,249747,249747.0,11028.265450954437
249996.0,1004.0,249.0,2.5965084616522295e-22,22.92486588147698,249996,249996.0,11039.127020597458
250245.0,1005.0,249.0,0.10486460181140494,5.4545861809115515,250245,250245.0,11084.776681184769
250494.0,1006.0,249.0,3.1150882063089375e-45,23.62722214084166,250494,250494.0,11095.315374612808
250743.0,1007.0,249.0,7.885044583867662,25.94925385891349,250743,250743.0,11104.911027669907
250992.0,1008.0,249.0,2.593306986853344e-11,23.26420455608607,250992,250992.0,11115.61416721344
251241.0,1009.0,249.0,0.20321934013754764,24.289606584971004,251241,251241.0,11125.865466594696
251490.0,1010.0,249.0,0.01220084568982607,25.841993777918763,251490,251490.0,11135.50094795227
251739.0,1011.0,249.0,4.797253822650963e-16,23.13318310824526,251739,251739.0,11146.264708042145
251988.0,1012.0,249.0,4.733595110235673e-48,27.67890665236441,251988,251988.0,11155.260729074478
252237.0,1013.0,249.0,1.9074555518251027e-28,22.701084147920717,252237,252237.0,11166.229370117188
252486.0,1014.0,249.0,0.019795555414939058,28.47096867162611,252486,252486.0,11174.975122213364
252735.0,1015.0,249.0,1.0188714015435074e-11,21.15436722085099,252735,252735.0,11186.745742797852
252984.0,1016.0,249.0,1.0910225919776146,29.964552495206707,252984,252984.0,11195.055563211441
253233.0,1017.0,249.0,35.39892166908206,21.449143761832126,253233,253233.0,11206.664420127869
253482.0,1018.0,249.0,70.99398127965154,28.63092950115899,253482,253482.0,11215.361310005188
253731.0,1019.0,249.0,0.008432881955156952,21.403316436836228,253731,253731.0,11226.995022535324
253980.0,1020.0,249.0,2.079712012054249e-07,27.50343650190817,253980,253980.0,11236.048437833786
254229.0,1021.0,249.0,3.595839225819176e-08,22.812120027055247,254229,254229.0,11246.963689804077
254478.0,1022.0,249.0,5.966335340189808e-14,24.58149462578714,254478,254478.0,11257.093262434006
254727.0,1023.0,249.0,1.831319716083437,24.386942090762066,254727,254727.0,11267.303646087646
254976.0,1024.0,249.0,2.325667310854922e-33,24.321878266912375,254976,254976.0,11277.541343927383
255225.0,1025.0,249.0,5.444836034444257e-18,26.82295315565478,255225,255225.0,11286.824439525604
255474.0,1026.0,249.0,3.3271909793553466e-13,22.547889110111363,255474,255474.0,11297.86760377884
255723.0,1027.0,249.0,7.015905407260255,27.43571417631927,255723,255723.0,11306.943366765976
255972.0,1028.0,249.0,1.306588714268656e-30,22.07965347105889,255972,255972.0,11318.220719099045
256221.0,1029.0,249.0,1.3936689558781828e-13,27.858666166958866,256221,256221.0,11327.15869307518
256470.0,1030.0,249.0,2.1483125840092123e-40,22.05569701732862,256470,256470.0,11338.448294878006
256719.0,1031.0,249.0,3.4838183924092196e-41,30.10864660875965,256719,256719.0,11346.718346118927
256968.0,1032.0,249.0,1.5968267237370842e-31,21.680889086482853,256968,256968.0,11358.20311665535
257217.0,1033.0,249.0,1.496591268412071e-41,28.446747825211556,257217,257217.0,11366.956315755844
257466.0,1034.0,249.0,3.2451652320923194e-38,22.734284367519773,257466,257466.0,11377.90893793106
257715.0,1035.0,249.0,1.021423237513913e-18,27.612923169713497,257715,257715.0,11386.926456212997
257964.0,1036.0,249.0,0.009796225185980346,22.637605488939556,257964,257964.0,11397.925854444504
258213.0,1037.0,249.0,8.865824823565683e-07,25.416607522858737,258213,258213.0,11407.722600460052
258462.0,1038.0,249.0,0.028811252800526987,24.507514369319132,258462,258462.0,11417.882750749588
258711.0,1039.0,249.0,151.4622696628081,23.6020793244896,258711,258711.0,11428.432669878006
258960.0,1040.0,249.0,6.382527719462137e-26,27.65301550907528,258960,258960.0,11437.437114715576
259209.0,1041.0,249.0,3.371333573617914e-39,22.452631748672307,259209,259209.0,11448.527130126953
259458.0,1042.0,249.0,9.34472825851231e-13,28.096599977412563,259458,259458.0,11457.389420986176
259707.0,1043.0,249.0,1.4724101860246442e-05,21.02083538634251,259707,259707.0,11469.234812736511
259956.0,1044.0,249.0,2.2559510470625883e-24,29.19502357573017,259956,259956.0,11477.763665676117
